Emoji,P-value,Gender
â©,0.0,Females
â—€,0.0,Females
ğŸ”µ,0.0,Females
ğŸ”´,0.0,Females
ğŸ˜š,0.0,Males
ğŸ˜©,0.0,Females
â™»,0.0,Males
ğŸ˜,0.0,Females
â¤,0.0,Females
ğŸ˜­,0.0,Females
ğŸ˜‚,0.0,Males
ğŸ’·,1.0205178225740504e-234,Females
Â©,7.227868446052095e-229,Females
ğŸ’œ,3.110314766938164e-225,Males
ğŸ”¶,4.947941618601644e-218,Females
âœ–,1.454790423808938e-205,Females
â™¥,3.677611695062512e-205,Females
ğŸ’€,1.1685590151038286e-203,Females
ğŸ”·,2.4360626016891878e-147,Females
ğŸ”¥,1.4090625473713763e-145,Males
ğŸ“¢,4.7501516562851124e-141,Females
ğŸ¤¦ğŸ¾â€â™€ï¸,3.2612671387323746e-138,Females
ğŸ€,1.1383383368476932e-130,Females
ğŸ™„,3.4219207621822644e-125,Females
âœ¨,1.1912660120303661e-121,Females
ğŸ¤—,2.374529181232173e-118,Females
ğŸ¤·ğŸ¼â€â™€ï¸,2.3892478018327536e-109,Females
ğŸ˜˜,5.14281345149229e-103,Females
ğŸ’‹,2.3057351074021277e-101,Males
ğŸ””,1.7520734516690978e-99,Females
ğŸ’”,1.888361949325431e-95,Females
ğŸ¶,1.1799449595508128e-93,Females
ğŸ•°,8.44119544852636e-91,Females
ğŸ¤·ğŸ¾â€â™€ï¸,2.9273927417858817e-88,Females
ğŸ¤·ğŸ½â€â™€ï¸,1.7166174391951512e-87,Females
â¡,3.4245854005038956e-87,Males
ğŸ–¥,1.433121893778023e-86,Males
ğŸ¤¦ğŸ½â€â™€ï¸,5.756791239908111e-86,Females
ğŸ˜’,9.511009664667908e-85,Females
ğŸ“¸,1.8394467147512887e-84,Males
ğŸ¤·ğŸ»â€â™€ï¸,9.541575577095503e-84,Females
ğŸ½,4.9879974070180555e-80,Females
â˜¹,8.129553617040537e-79,Females
ğŸ®,2.376581392024797e-78,Males
ğŸ’,1.734917102779284e-77,Females
ğŸ’–,8.404694194697446e-77,Females
ğŸ‘‰,8.621469420700147e-77,Males
ğŸ“,3.2771969900777765e-76,Females
ğŸ‡®ğŸ‡³,4.231327274491808e-75,Males
ğŸš–,8.122165834888584e-75,Same
ğŸ‡«ğŸ‡´,1.0168686153990492e-73,Males
ğŸ¤¦ğŸ»â€â™‚ï¸,1.019798646164038e-72,Males
ğŸ¦Š,6.320466124173213e-72,Males
ğŸ’›,1.7658575373029952e-71,Females
ğŸ’,4.412574053885351e-68,Males
ğŸ“Œ,8.662017092781664e-68,Females
ğŸ·,2.0499667865051257e-67,Females
ğŸ¤¦ğŸ½â€â™‚ï¸,2.110383459853178e-67,Males
ğŸ’¦,3.863968190565981e-67,Males
ğŸ™ƒ,8.433946855559422e-65,Females
ğŸ¤¦ğŸ»â€â™€ï¸,2.68757893068636e-63,Females
ğŸ†•,3.124339178776924e-63,Females
ğŸ¤·ğŸ»â€â™‚ï¸,5.048001637936823e-62,Males
ğŸŒ†,9.42155492338819e-62,Males
ğŸ’™,1.6622707129765273e-57,Females
ğŸ˜”,1.8482671596908337e-56,Females
ğŸ™ŒğŸ¼,7.314516941584019e-54,Females
â–¶,4.0690253801747995e-53,Females
ğŸ˜Š,1.1129430137768203e-52,Males
ğŸ’ƒğŸ½,5.173926129078112e-49,Females
ğŸ˜™,5.3734723675950564e-49,Females
ğŸ’—,2.4515148777134776e-48,Females
âš“,4.3413354378248695e-45,Males
ğŸ¤·ğŸ½â€â™‚ï¸,7.73692028374843e-45,Males
ğŸ‡µğŸ‡ª,1.4789092718380638e-43,Males
ğŸ‘…,1.0390755443269644e-42,Males
ğŸ’„,1.056676417066697e-42,Females
ğŸ˜ª,2.531807586643901e-42,Females
ğŸ¤ª,6.079171043249779e-42,Females
ğŸ“,1.247974942469547e-41,Females
â­,1.2655914569804e-40,Females
ğŸ’ƒ,1.8464166783593223e-39,Females
ğŸ’“,4.2085425379787734e-39,Females
ğŸ’ğŸ¼â€â™€ï¸,2.2169339243353865e-38,Females
ğŸ“‘,4.524902030247332e-38,Males
ğŸ™,7.799090103950283e-37,Females
ğŸ™ŒğŸ¾,9.661390938381943e-37,Females
ğŸ’š,4.335488441342311e-34,Females
ğŸ™ğŸ½,1.5261743772317305e-33,Males
ğŸ˜†,3.12960065796279e-33,Females
ğŸ¯,4.369889281239813e-33,Males
ğŸ‡ºğŸ‡¸,7.657855201573002e-33,Females
ğŸ˜ˆ,4.139596968731854e-32,Females
â—,4.4670074834567e-32,Females
ğŸ¤£,1.207433950890113e-31,Males
ğŸ¨,1.3141300068122293e-31,Same
ğŸ˜•,2.2744695522743015e-31,Females
ğŸ¤§,3.0550972256129462e-31,Males
ğŸ¤¦ğŸ¾â€â™‚ï¸,3.7071386262102715e-31,Males
â¬,7.536736950917219e-31,Females
ğŸœ,1.0632353731732658e-29,Females
ğŸ¯,1.5007606137622974e-29,Males
ğŸ’ğŸ»â€â™€ï¸,4.083523055245851e-29,Females
âš”,5.798444358230779e-28,Males
â™‚,1.1771781355243298e-27,Females
ğŸ˜¤,4.619967762272092e-27,Females
ğŸ™‹ğŸ¼,4.6674654477015935e-27,Females
ğŸ‘€,6.910059639443545e-27,Males
ğŸ†™,8.073524767792417e-27,Females
ğŸ™ğŸ¼,8.544338933194327e-27,Females
ğŸ‘ƒ,1.2196387249603748e-26,Males
ğŸ¦,1.6617032539979997e-26,Males
ğŸ‘,4.404861932405891e-26,Males
ğŸ†’,4.5377339133825703e-26,Females
ğŸ’ªğŸ¿,2.0558250422902998e-25,Males
ğŸ¤ğŸ¾,3.6965472472727215e-25,Females
ğŸ’¯,6.831709469049334e-25,Females
ğŸ˜,1.0279492107374757e-24,Females
ğŸŒ¹,1.180470317593447e-24,Males
ğŸ˜º,1.3978088804607435e-24,Males
ğŸ’˜,2.086335634703583e-24,Females
ğŸ”¸,2.153821250032763e-24,Females
ğŸ¾,3.024090778613892e-24,Males
ğŸ™ˆ,3.056656747856945e-24,Males
ğŸµ,2.6330055078855675e-23,Males
ğŸ˜,4.886963401484294e-23,Same
ğŸ˜‘,9.804251600199042e-23,Females
â­•,1.6153243067052972e-22,Males
ğŸ˜,4.729218020278674e-22,Males
ğŸ•º,6.119539934815482e-22,Males
ğŸ¤¦,1.0259273751334406e-21,Females
ğŸ‘­,3.2447919187948967e-21,Females
ğŸ˜›,3.788758980663629e-21,Females
ğŸ˜‹,5.721761966218405e-21,Females
ğŸ¤©,7.647956886338271e-21,Females
ğŸ˜,1.0137639760212411e-20,Females
ğŸ¥¡,2.2697039963869763e-20,Females
ğŸ˜,1.7532783241260054e-19,Females
ğŸ’†ğŸ¾â€â™€ï¸,6.096138257211895e-19,Females
ğŸ‘‡,2.387165269763716e-18,Females
ğŸ‡¬ğŸ‡§,4.283342336064364e-18,Males
ğŸ‘ŒğŸ¼,5.0837448058294376e-18,Females
ğŸ•·,8.281671988186163e-18,Males
ğŸ˜‡,1.7028317587245807e-17,Females
ğŸ˜–,3.9388598059168045e-17,Females
ğŸ’•,4.542484074047599e-17,Females
ğŸ¤·ğŸ¾â€â™‚ï¸,5.235957425718664e-17,Males
ğŸ’‰,6.723825116678784e-17,Males
ğŸ¤˜ğŸ½,7.409510951813371e-17,Males
ğŸ˜»,1.0076966220849622e-16,Females
ğŸ“š,1.2342937305077285e-16,Males
ğŸ‰,3.445809502966343e-16,Males
ğŸ‘£,3.651259542883381e-16,Males
ğŸ™‡â€â™€ï¸,3.870551330418898e-16,Females
ğŸ¤¦â€â™€ï¸,6.465928773647196e-16,Females
â˜º,6.713486187923884e-16,Females
ğŸ‡¨ğŸ‡¦,1.2504036334477857e-15,Females
ğŸ˜´,4.547293537191172e-15,Females
ğŸ¤«,4.770572372596659e-15,Females
ğŸ‘ˆ,6.794679822063275e-15,Males
ğŸ‘ğŸ¼,1.0807210947147338e-14,Males
ğŸ—£,1.2793833263463521e-14,Females
â˜€,2.63286057656353e-14,Males
âš¡,3.094488414539526e-14,Females
ğŸ˜«,5.645547615956062e-14,Females
ğŸ™ŒğŸ½,6.289113213206678e-14,Females
ğŸ¤¾ğŸ»â€â™€ï¸,6.833045030909136e-14,Females
ğŸ’ğŸ½â€â™€ï¸,6.883731913385114e-14,Females
ğŸ¤ğŸ½,9.055125364193044e-14,Females
ğŸ¤®,9.500635164937116e-14,Males
ğŸ¤“,1.1350060745845943e-13,Males
ğŸ‘•,1.5513471351329848e-13,Females
ğŸŒ,1.6754223825479667e-13,Females
ğŸ˜¥,1.8376259034334745e-13,Females
ğŸ–¨,2.0358298513108618e-13,Same
âœŠğŸ»,2.4567955348582807e-13,Males
ğŸ’§,3.033932498744017e-13,Males
ğŸ™‹,4.745040509001972e-13,Females
ğŸ˜,7.269318477918363e-13,Females
ğŸŒ¸,7.655906856001425e-13,Females
ğŸ‘š,8.331307197777997e-13,Males
ğŸ‘–,1.508839693201482e-12,Males
ğŸ’,1.6525398041406343e-12,Males
ğŸŒº,1.9500207742828726e-12,Females
âœŒğŸ¼,2.2735209816235376e-12,Females
ğŸš¶ğŸ»,4.6559848075097455e-12,Males
ğŸ«,4.7272873285065e-12,Same
ğŸ¤ŸğŸ¼,5.3799146543449125e-12,Males
ğŸ¦‡,6.32713038038106e-12,Males
ğŸ‡¹ğŸ‡·,7.1790065080732825e-12,Females
ğŸ‘—,9.022402950181426e-12,Females
â£,9.616908577445063e-12,Females
ğŸ‘ğŸ»,9.829357286100156e-12,Males
ğŸ‘¶ğŸ»,1.2741652971655915e-11,Females
ğŸŒ·,2.323606327798962e-11,Females
ğŸ˜“,2.3615179309482534e-11,Females
â˜,2.784962987297602e-11,Males
ğŸ‘ŒğŸ½,2.9415631960647133e-11,Males
ğŸŒŸ,3.324624639482618e-11,Females
ğŸ“®,3.448818682642133e-11,Males
ğŸ’†ğŸ½â€â™€ï¸,3.612365288214293e-11,Females
ğŸ‡¨ğŸ‡´,3.9430744576838603e-11,Females
ğŸ¤¦ğŸ¼â€â™€ï¸,3.969200468458654e-11,Females
ğŸ”¹,6.26596318578695e-11,Females
ğŸ™,1.0457350302364058e-10,Males
ğŸ™‹ğŸ¾â€â™€ï¸,1.1699809458397383e-10,Females
ğŸ¤¾ğŸ¾â€â™€ï¸,1.5035144015690185e-10,Females
ğŸ™…ğŸ½â€â™‚ï¸,1.8211768807041189e-10,Males
ğŸ¤™ğŸ¼,2.432293798214084e-10,Females
â™€,2.5569159000402353e-10,Females
ğŸ’†,2.9343002637826053e-10,Females
ğŸŒ„,2.9788302900631037e-10,Males
ğŸ˜¢,2.981695782159207e-10,Females
ğŸ˜Œ,3.3087298184829714e-10,Females
ğŸ‡²ğŸ‡´,3.5058535546924655e-10,Males
â˜ğŸ¼,3.5223030139289944e-10,Females
â¤´,4.735146258282092e-10,Males
ğŸ¼,5.039325244629463e-10,Males
â˜‘,5.182672670272922e-10,Females
ğŸš¨,5.680922984395089e-10,Males
ğŸ¾,5.730090475343266e-10,Females
ğŸ–•ğŸ½,6.979008188739158e-10,Females
ğŸ»,7.409265439832154e-10,Males
ğŸ˜,7.980079797913852e-10,Males
ğŸ‘‹ğŸ¼,8.346059173853856e-10,Females
ğŸ“½,1.0214201763388094e-09,Males
âœŒ,1.1961497118147772e-09,Males
ğŸ‘†ğŸ»,1.2675994335549075e-09,Females
ğŸ‘ğŸ¼,1.4978530827942192e-09,Females
ğŸ™‹ğŸ»â€â™€ï¸,1.5064203252493304e-09,Females
ğŸ™,1.5341874522616508e-09,Females
ğŸ‘½,1.6300087089207517e-09,Males
ğŸ’»,1.6402066822161006e-09,Males
ğŸš¬,1.6428961578912418e-09,Males
ğŸ•Š,1.7624260404002566e-09,Males
ğŸ¤ŸğŸ¾,2.1323005609322423e-09,Males
ğŸ¤¸â€â™€ï¸,2.4058568997457892e-09,Females
ğŸ§¡,3.1663535657376242e-09,Females
ğŸ‡,3.2487616765703685e-09,Females
ğŸ¤ğŸ¼,4.088366055509975e-09,Females
ğŸ˜…,4.323656698795538e-09,Females
ğŸŒ,4.8539212262289705e-09,Males
âŒ,5.217658778773447e-09,Females
ğŸ¹,5.7463413648002136e-09,Males
âœŒğŸ¾,6.310499275059238e-09,Males
ğŸ¤¾ğŸ¿â€â™€ï¸,6.520180240293274e-09,Females
ğŸ’,6.5633884393998686e-09,Females
ğŸ’,7.469800968764551e-09,Females
ğŸ˜¬,7.525163106235356e-09,Females
ğŸ’«,7.574068001241283e-09,Females
ğŸ‡ğŸ¼,7.983325293411907e-09,Males
â˜,8.350311510861338e-09,Females
ğŸ™‡ğŸ¾â€â™€ï¸,9.925757104303431e-09,Females
ğŸ˜§,1.2143149296942669e-08,Females
ğŸ”†,1.2771048651331725e-08,Females
ğŸ‘¯â€â™€ï¸,1.2804372415256914e-08,Females
ğŸ¤,1.8776881459596125e-08,Males
ğŸ“,2.19471178965867e-08,Males
ğŸ¤ŸğŸ½,2.2408254694074146e-08,Females
ğŸ¡,2.6238514488381017e-08,Females
ğŸ ,2.6799455021016697e-08,Males
ğŸ™…ğŸ¿â€â™€ï¸,2.72796027912507e-08,Males
ğŸ™‡ğŸ½â€â™€ï¸,3.2456741095296346e-08,Females
ğŸ‘ğŸ½,4.3590128006704686e-08,Females
ğŸ‘ŠğŸ¼,7.034476142073378e-08,Females
ğŸ‘ŒğŸ¾,1.269910200196725e-07,Females
ğŸ‡¸ğŸ‡ª,1.363383207612406e-07,Females
ğŸ™ŒğŸ»,1.4635677295332458e-07,Females
ğŸ––ğŸ¾,1.7058602252169642e-07,Males
ğŸŒ»,2.6458734578473825e-07,Males
ğŸ¤¾â€â™€ï¸,2.827550046338173e-07,Females
ğŸ’ª,3.2218436311016276e-07,Males
ğŸ¥Š,3.407577183573936e-07,Males
ğŸ,3.420541700775543e-07,Males
ğŸ™‡ğŸ»â€â™€ï¸,3.5031555330453804e-07,Males
ğŸŒ›,3.6088020911852966e-07,Males
ğŸ¤¯,4.710661135768175e-07,Males
ğŸ¤¤,5.282302149296811e-07,Females
ğŸ˜ƒ,5.288833526555904e-07,Females
ğŸ‡¦ğŸ‡¹,5.291412113092442e-07,Females
âœˆ,6.131189829732223e-07,Females
ğŸ’†â€â™€ï¸,6.15979540203351e-07,Females
âœ…,6.175944961813154e-07,Males
ğŸ’ªğŸ¼,7.013044926943359e-07,Males
ğŸ™…ğŸ»â€â™€ï¸,7.248849728549275e-07,Females
ğŸ¤¨,7.288689434378367e-07,Females
ğŸ¤¦ğŸ¿â€â™€ï¸,8.379293970742166e-07,Males
ğŸ‘‰ğŸ»,8.968886037440801e-07,Females
ğŸ’…ğŸ½,9.30970869053017e-07,Females
ğŸš²,9.684874846481247e-07,Males
ğŸ‡¨ğŸ‡±,1.0484420862643797e-06,Males
ğŸ’²,1.341551271902449e-06,Females
ğŸ¤ŸğŸ»,1.4859347694395966e-06,Females
ğŸ’¨,1.5849442888758803e-06,Males
ğŸ‘,1.7457271264832753e-06,Females
ğŸ…°,1.747798088513196e-06,Females
ğŸƒ,1.9118762425080257e-06,Females
ğŸ¤·â€â™‚ï¸,1.9617650140001283e-06,Males
ğŸ‘ŒğŸ»,2.3072201665490944e-06,Males
ğŸ™‚,3.1582968471529322e-06,Females
ğŸ–‹,3.217415547853313e-06,Males
ğŸ¤˜ğŸ¼,3.244542152426837e-06,Males
ğŸ™ğŸ¾,4.1536355467689e-06,Males
ğŸ’†ğŸ¼â€â™€ï¸,4.166820202017708e-06,Females
ğŸ˜£,4.258766406760769e-06,Females
ğŸ,4.274511681921555e-06,Males
ğŸ¤¦â€â™‚ï¸,4.288730086514548e-06,Males
â±,4.761263921160572e-06,Males
ğŸ“†,5.0876809741245336e-06,Same
ğŸ˜³,5.331430073660733e-06,Males
ğŸ¤·â€â™€ï¸,5.919615203875882e-06,Females
ğŸ™†ğŸ»â€â™€ï¸,6.8520661178022755e-06,Females
ğŸ‘ ,7.62494815413298e-06,Females
ğŸ‡µğŸ‡­,7.773813863805679e-06,Males
ğŸ¥‚,8.909515339787442e-06,Females
ğŸ²,9.654876997555814e-06,Females
ğŸ‘ğŸ»,9.884677987493608e-06,Males
ğŸ¤ğŸ»,1.1284167857831209e-05,Females
ğŸ’µ,1.223947702125642e-05,Females
ğŸ™ğŸ¼â€â™€ï¸,1.2482610402264868e-05,Females
â˜•,1.2581233733784313e-05,Females
ğŸ˜µ,1.281021924612813e-05,Males
ğŸ¦„,1.3145932674464294e-05,Females
ğŸ¥€,1.478532451676788e-05,Males
Â®,1.5055029241287728e-05,Females
ğŸ’â€â™€ï¸,1.554010642506627e-05,Females
ğŸ“±,1.6024932897040774e-05,Males
ğŸ’­,1.6214405125260112e-05,Males
ğŸ,1.670692561478271e-05,Males
ğŸ‘º,1.7090021286226485e-05,Males
ğŸ’ªğŸ»,1.820381013972735e-05,Males
ğŸ¤¡,1.9886648911777827e-05,Males
ğŸ‡§ğŸ‡·,2.002802625199901e-05,Females
ğŸŒ¿,2.0433527494804275e-05,Males
ğŸ¤·,2.2125600821110172e-05,Females
ğŸ™†ğŸ¾â€â™‚ï¸,2.36127743184757e-05,Males
ğŸ™Œ,2.3859867054781312e-05,Males
ğŸˆ,2.4939045848881738e-05,Males
ğŸ“»,2.669966270194201e-05,Males
ğŸ‘ª,2.7340445693748593e-05,Females
ğŸ‘ğŸ¾,2.742299193139356e-05,Males
ğŸ™‹ğŸ¿,2.9850652405023207e-05,Males
ğŸ€,3.1597685463755685e-05,Females
ğŸŒŠ,3.176358755791602e-05,Males
ğŸŒ ,3.2142659131721214e-05,Females
ğŸ‘™,3.4069056624165726e-05,Females
ğŸ£,3.643779019308931e-05,Males
ğŸ™ğŸ»,4.015122021604637e-05,Females
ğŸ‘ğŸ¾,4.6001611155807476e-05,Females
ğŸŒ´,4.6050133620830297e-05,Females
ğŸ˜¼,4.611392615924135e-05,Females
âœ,4.886335947283357e-05,Males
ğŸ°,4.891356397133154e-05,Females
ğŸ“£,4.908237915474158e-05,Males
ğŸ™‰,5.213980521840373e-05,Males
ğŸš€,5.270422548122792e-05,Males
ğŸ’…,5.753226153552129e-05,Females
ğŸ“·,6.04215213573474e-05,Females
ğŸ˜„,6.199973225313259e-05,Males
ğŸ’ªğŸ½,7.098469086534923e-05,Males
ğŸŒ™,7.146443649417727e-05,Females
â™¨,7.638301577660606e-05,Males
ğŸ¤·ğŸ¿â€â™‚ï¸,7.841474141839376e-05,Males
â¬†,8.979464783002662e-05,Females
ğŸ†,9.181766659766306e-05,Males
ğŸ‚,9.654598987390995e-05,Females
ğŸš¶â€â™‚ï¸,9.724069978190814e-05,Males
ğŸ˜¿,0.00010585437474151704,Females
â€¼,0.00010877798220564794,Females
ğŸ‘ˆğŸ»,0.00010931249971281736,Females
â˜ ,0.00011356277498574338,Males
ğŸ‘ƒğŸ¼,0.00011364727475282268,Males
ğŸ‘Š,0.0001199064794622645,Females
ğŸ§–ğŸ»â€â™€ï¸,0.00012242014484519938,Females
ğŸ™…ğŸ¾â€â™‚ï¸,0.00012378559453395438,Males
ğŸ†–,0.00014875584037150452,Females
ğŸ™ğŸ½â€â™€ï¸,0.00015093250768697126,Females
ğŸ¬,0.00015444338631502897,Females
ğŸ‘¨â€âš–ï¸,0.00015857709609594045,Same
ğŸ¤·ğŸ¿,0.00016516653081068939,Males
ğŸ…¿,0.00016718707474038257,Females
ğŸ‘©â€âš•ï¸,0.00016946999992427747,Females
ğŸ¦‹,0.0001747878374236158,Females
ğŸ‘ğŸ½,0.00018644692918432215,Males
ğŸ˜·,0.00018990921367358245,Females
ğŸ­,0.00019493694478291167,Females
â‰,0.0001969819943003482,Females
ğŸ’¢,0.00020584800309143668,Females
ğŸƒğŸ»â€â™‚ï¸,0.00022960489682460032,Males
â˜ğŸ»,0.00023132737729320856,Males
ğŸ’†ğŸ»â€â™€ï¸,0.00025074177849522463,Females
ğŸ§,0.0002573963870565577,Males
â˜”,0.00026030245750005804,Females
ğŸ˜¡,0.0002699063907981403,Females
âœŒğŸ½,0.0002876313817399837,Females
ğŸŒ€,0.0002879990202045827,Males
ğŸ˜°,0.0002992041046888707,Females
ğŸ˜±,0.0003055725286375326,Females
ğŸ‘ğŸ¾,0.0003122113420899178,Males
ğŸ‘‡ğŸ»,0.00032908326806089714,Males
ğŸ´,0.0003424864647256434,Females
ğŸ“€,0.00034390866540721606,Females
ğŸ‘ğŸ¼,0.0003480883925443568,Females
ğŸ¤,0.0003482069690875928,Females
ğŸ¥—,0.0003522154585534153,Females
ğŸ“¨,0.00035962157213876883,Females
ğŸ¤šğŸ¼,0.000412520825419975,Females
ğŸ‹ğŸ¼â€â™€ï¸,0.00042346587749975443,Females
ğŸ¤¾ğŸ½â€â™€ï¸,0.00042346587749975443,Females
âœŒğŸ»,0.0004253485234630396,Males
ğŸ¤•,0.00043981758876991694,Females
ğŸ,0.0004626006054406254,Males
âœ‹ğŸ¾,0.00046788336720284955,Females
âŒ¨,0.00046848605964267123,Females
ğŸ§,0.0004840458604667118,Males
ğŸ‘ğŸ»,0.0005272842530247427,Females
ğŸ¤¾ğŸ¾â€â™‚ï¸,0.0005317503319378759,Females
ğŸ’†ğŸ½,0.0005317503319378759,Females
ğŸš´ğŸ¾â€â™‚ï¸,0.0005317503319378759,Females
ğŸ¤¼â€â™€ï¸,0.0005317503319378759,Females
ğŸ¤¾ğŸ¼â€â™€ï¸,0.0005317503319378759,Females
ğŸ§“ğŸ»,0.0005317503319378759,Females
ğŸ¤šğŸ¿,0.0005317503319378759,Females
ğŸ¤¦ğŸ¿,0.0005317503319378759,Females
ğŸ¤¾ğŸ¿â€â™‚ï¸,0.0005317503319378759,Females
ğŸš´ğŸ½â€â™€ï¸,0.0005467178754107292,Females
ğŸ¥’,0.0005660857102793246,Females
ğŸ’®,0.0006321937739025449,Females
ğŸ’ğŸ½,0.0006557812848897161,Females
ğŸ‘°ğŸ¼,0.0006912724344159388,Females
â„,0.0007177087723336039,Males
ğŸŒ°,0.0007576254232952447,Males
ğŸ†”,0.0007656434008100616,Males
ğŸ™‹ğŸ½,0.0008090464661527237,Females
ğŸ‘ƒğŸ»,0.0008387954000388753,Females
âš°,0.0008738620369362456,Females
ğŸŒˆ,0.0009137393319270362,Males
ğŸ‘,0.0009177111167010479,Males
ğŸ–¤,0.0009315500814559553,Females
ğŸ‘¾,0.0009678690393117932,Males
ğŸ¥…,0.0009979004208482349,Males
ğŸ˜¦,0.0010092165183156958,Females
ğŸ˜¸,0.001013223513049648,Females
ğŸ¤¸ğŸ»â€â™€ï¸,0.0010350140759579976,Females
ğŸ…¾,0.0011324787502079733,Females
ğŸ˜—,0.0011483526825739876,Males
ğŸ“,0.001206962577339397,Females
ğŸ‘µğŸ¼,0.0012166123457161644,Females
â˜,0.001230760584261739,Males
ğŸ”,0.0012432110072457924,Males
ğŸ˜€,0.0012449068751417868,Males
ğŸ™…ğŸ¼â€â™€ï¸,0.0013828102305844436,Females
ğŸ˜¯,0.0014469163967204502,Females
ğŸƒ,0.0015295540906285288,Females
ğŸ¥‹,0.0015493166702082472,Males
ğŸ”±,0.001597258530368974,Males
ğŸ¤›,0.0016419936928921308,Males
ğŸ“º,0.0016638483231695316,Males
ğŸ”®,0.0016668806210138564,Females
ğŸ¤¬,0.0016745870061733842,Males
ğŸ™‹ğŸ½â€â™‚ï¸,0.0017591843103900813,Males
ğŸ˜¹,0.0017693417155465003,Males
ğŸ¯,0.0018032685462094089,Females
ğŸŒ“,0.0018650122495114429,Females
ğŸ’†â€â™‚ï¸,0.0018650122495114429,Females
â“,0.0019814066266357036,Females
ğŸ´ó §ó ¢ó ¥ó ®ó §ó ¿,0.0020266685591693433,Males
ğŸ•,0.0020644700432161573,Males
ğŸ’¡,0.0020731568529586174,Males
ğŸ·,0.0022360862571324663,Females
ğŸ¤œ,0.0024674657865051556,Males
ğŸ˜Ÿ,0.0024777432630635424,Females
ğŸ†—,0.002480552021510176,Males
ğŸ™†,0.0026420740433907544,Females
ğŸŒ§,0.002649690101374576,Males
ğŸ‘©ğŸ½â€ğŸ’»,0.00287782933095013,Females
ğŸ™‡â€â™‚ï¸,0.0029590271254907137,Males
ğŸ‘ğŸ¼,0.0029629301541075543,Females
ğŸ§˜ğŸ»â€â™€ï¸,0.0029629301541075543,Females
ğŸ‡±ğŸ‡§,0.0029944775698784514,Females
ğŸ‘©â€ğŸŒ¾,0.0030582229705102223,Females
ğŸµ,0.003177220844513685,Males
ğŸš…,0.003345198608177298,Males
â™“,0.003351659098645079,Females
ğŸ§˜ğŸ¾â€â™€ï¸,0.003351659098645079,Females
ğŸ‡µğŸ‡¾,0.003351659098645079,Females
ğŸ“¹,0.0033687509937867415,Males
ğŸŠğŸ»â€â™€ï¸,0.003396932401754863,Females
ğŸ™,0.003446340528450324,Males
ğŸ‡,0.0035471379706434564,Same
ğŸ‘»,0.003676565294376724,Females
ğŸ“²,0.0036849772688756902,Females
ğŸ‡ªğŸ‡¬,0.0038047642595175164,Males
ğŸ˜®,0.0038421116757305744,Females
ğŸ‘´ğŸ¼,0.003897635297567044,Males
ğŸ˜¶,0.003945378771060321,Females
ğŸ¦—,0.003981074256106134,Males
ğŸš—,0.004089652889152553,Males
ğŸš®,0.004198550084116222,Males
ğŸ”œ,0.0042899655291304874,Males
ğŸ–ğŸ»,0.004347400331542853,Males
â˜ª,0.004459720899251348,Females
âš½,0.004495552473888703,Males
ğŸ›,0.004507485362189437,Females
ğŸ‘®ğŸ½â€â™€ï¸,0.0045407950075817185,Females
ğŸ¤’,0.004647646050849032,Females
ğŸ™†â€â™€ï¸,0.004898190429118037,Females
ğŸ”¼,0.004913056569611176,Females
ğŸ¥¤,0.004939118334093139,Males
ğŸšš,0.0049946588276952725,Males
ğŸ’’,0.005077432773778703,Females
ğŸ¤¦ğŸ¼â€â™‚ï¸,0.005156969786420271,Males
ğŸ“¦,0.00516960118789426,Females
ğŸ’‘,0.005206412798246751,Females
ğŸ˜¨,0.005266702395355349,Females
ğŸ’,0.005390842025425726,Females
ğŸ‘¹,0.005475614285268067,Males
ğŸ¤‘,0.005557476013365456,Females
ğŸ‡«ğŸ‡®,0.005593908506305013,Males
ğŸ™‹ğŸ¿â€â™‚ï¸,0.005593908506305013,Males
ğŸ’±,0.005593908506305013,Males
ğŸ• ,0.005593908506305013,Males
ğŸ‘¨ğŸ»â€ğŸš’,0.005593908506305013,Males
ğŸ„ğŸ½â€â™‚ï¸,0.005593908506305013,Males
ğŸ‘¨â€ğŸŒ¾,0.005593908506305013,Males
ğŸ‘¨ğŸ»â€ğŸš€,0.005982845913652473,Females
ğŸ—¯,0.005990863120531607,Females
ğŸ‘©â€â¤ï¸â€ğŸ‘©,0.0059908631205316115,Females
ğŸ‡¬ğŸ‡­,0.006138429771524464,Same
ğŸ™€,0.00626203895152281,Females
ğŸ’†ğŸ»,0.006741220917760782,Males
ğŸŸ,0.0068318436152714195,Males
ğŸ”,0.006881077292037946,Males
â”,0.006993530564873145,Females
ğŸ¤ğŸ¿,0.007088450806956029,Males
ğŸ¤°ğŸ½,0.00717098697283316,Females
ğŸ‘ŠğŸ»,0.007240489226680015,Females
ğŸ”,0.0072963450883527185,Males
ğŸ¦‚,0.007297226404392267,Males
ğŸ¤¸,0.007388454580876444,Males
ğŸ¤·ğŸ¼,0.00766259157064748,Females
ğŸ§Ÿâ€â™‚ï¸,0.007737985348376768,Females
ğŸ¥™,0.008019343733814228,Males
ğŸ‡´ğŸ‡²,0.00801934373381424,Males
ğŸŒ³,0.008091323168383555,Females
ğŸ‡¯ğŸ‡µ,0.008094048096521402,Males
ğŸ†“,0.008101839752368506,Females
â˜ğŸ¾,0.008123125645008047,Females
ğŸ¤™,0.00821363143458409,Males
ğŸ“¥,0.008246776714474168,Same
ğŸ¤²ğŸ¼,0.008255182833141698,Females
â¬…,0.008446012834717444,Males
ğŸ¹,0.008842250662545258,Males
ğŸ™…ğŸ½â€â™€ï¸,0.008916964091689124,Females
ğŸ’,0.009074861962328982,Males
â™Š,0.009141877900825225,Males
ğŸ‘¼,0.009208508700333226,Females
ğŸ‘¼ğŸ»,0.009430605969071262,Females
ğŸ“‹,0.009496658099534294,Same
âš¾,0.010073805334816546,Females
ğŸ‘¸,0.010137825664123735,Females
ğŸ“™,0.010230673805422936,Males
â˜¯,0.010337637647535234,Males
â™,0.010353139000405348,Males
ğŸ­,0.010451801465787133,Females
ğŸ¶,0.011309862746223639,Females
ğŸŒ¦,0.011423514828836674,Females
âš«,0.011447118014122569,Males
ğŸ„ğŸ¼â€â™€ï¸,0.012196614841850053,Females
ğŸ›£,0.012196614841850053,Females
ğŸ¤¾â€â™‚ï¸,0.012196614841850053,Females
ğŸ§˜ğŸ½â€â™€ï¸,0.012196614841850053,Females
ğŸ‘©ğŸ»â€ğŸŒ¾,0.012196614841850053,Females
ğŸ§¤,0.012699674134245467,Females
ğŸ‘¨ğŸ¼â€âš•ï¸,0.012851735530920946,Males
ğŸ‘¨ğŸ¼,0.012851735530920946,Males
ğŸ’ğŸ¿â€â™‚ï¸,0.012851735530920946,Males
ğŸ¤¸ğŸ¿,0.012851735530920946,Males
ğŸš´ğŸ½â€â™‚ï¸,0.012851735530920946,Males
ğŸ‡¨ğŸ‡µ,0.012851735530920946,Males
ğŸ‘³â€â™€ï¸,0.012851735530920946,Males
ğŸ¤¹ğŸ¿â€â™‚ï¸,0.012851735530920946,Males
ğŸ’‚â€â™€ï¸,0.012851735530920946,Males
ğŸ¤¹ğŸ¼â€â™€ï¸,0.012851735530920946,Males
ğŸ‘¨â€ğŸ­,0.012851735530920946,Males
ğŸ‘¨â€ğŸ”¬,0.012851735530920946,Males
ğŸ‘¨â€ğŸ¤,0.012851735530920946,Males
ğŸ‘©â€âœˆï¸,0.012851735530920946,Males
ğŸ‘¨â€ğŸš€,0.012851735530920946,Males
ğŸ‘±ğŸ»â€â™‚ï¸,0.012851735530920946,Males
ğŸ§”ğŸ¾,0.012851735530920946,Males
ğŸ•§,0.012851735530920946,Males
ğŸ™ğŸ½â€â™‚ï¸,0.012851735530920946,Males
ğŸ‘¨ğŸ¼â€ğŸ¨,0.012851735530920946,Males
ğŸ‘ğŸ¿,0.012851735530920946,Males
ğŸ…ğŸ¾,0.012851735530920946,Males
ğŸš£ğŸ½â€â™‚ï¸,0.012851735530920946,Males
â›¹ğŸ½,0.012851735530920946,Males
ğŸ§¹,0.012851735530920946,Males
ğŸ¤²,0.01285677186762141,Males
ğŸ‡¸ğŸ‡³,0.013232642757630536,Females
â‡,0.013273517115951377,Males
ğŸš„,0.013312530994238273,Males
âšª,0.013359863936005804,Males
ğŸ§‘,0.013403795821692169,Males
ğŸ”Ÿ,0.01352192517902235,Males
ğŸ‘ğŸ½,0.013563285561695752,Males
ğŸ´ó §ó ¢ó ·ó ¬ó ³ó ¿,0.014003863067566414,Males
ğŸ”‰,0.01427987642366458,Males
ğŸ‘ˆğŸ¾,0.01466555747526282,Females
ğŸ“…,0.014754001964450914,Males
ğŸ,0.014781761056965891,Females
ğŸ“Š,0.0150217066014331,Males
ğŸŒ…,0.015096698695072146,Males
ğŸ™‡ğŸ»â€â™‚ï¸,0.01555013077460965,Males
ğŸ¤¹ğŸ»â€â™€ï¸,0.01580319032254971,Females
ğŸ‘©,0.01611909855317453,Females
â¬‡,0.01628359719212697,Males
ğŸ‹,0.01664243000485524,Females
ğŸ—’,0.016656557543940576,Males
ğŸ®,0.016785080539885304,Males
ğŸ‘®ğŸ»â€â™‚ï¸,0.016874090335358104,Males
ğŸ¤¥,0.017216668094087763,Females
ğŸ’,0.017331813585202707,Females
ğŸ„,0.017795078222395448,Females
ğŸ,0.018110518936023046,Females
ğŸ‘¸ğŸ»,0.01813013050069775,Females
ğŸ‘¯,0.01844880222312652,Females
ğŸ¥,0.018465603720671665,Same
ğŸ¥‡,0.018534706469514575,Females
âœ,0.018584193924794695,Males
ğŸ,0.018825088566773056,Males
ğŸµ,0.019166281201673973,Females
ğŸ’…ğŸ¼,0.019190461374095268,Females
ğŸ¥º,0.019566525028758375,Females
ğŸ¹,0.02017027949718145,Females
ğŸ¥ˆ,0.020334835912116028,Males
ğŸ™…ğŸ»â€â™‚ï¸,0.020411470391914627,Males
ğŸ§›ğŸ¾â€â™‚ï¸,0.020418311545864508,Males
âœ¡,0.020582946691204133,Same
â“‚,0.020670613829470174,Females
ğŸ˜²,0.020697233918002607,Females
ğŸ”™,0.02074164460451047,Females
ğŸ“,0.020793150366792964,Females
ğŸ¤­,0.02097134083970785,Females
ğŸ’Ÿ,0.02121002744495065,Females
ğŸ™†ğŸ½â€â™€ï¸,0.021413660518525186,Females
ğŸ’ğŸ½â€â™‚ï¸,0.02163523297114692,Males
ğŸ‘ˆğŸ½,0.02214568782356489,Same
ğŸ‡¨ğŸ‡³,0.022435405131970107,Females
ğŸ”,0.022827458632838443,Females
â†ª,0.022931411919811438,Same
âš±,0.02305974708358281,Females
â«,0.02305974708358281,Females
ğŸ‘³ğŸ¿â€â™€ï¸,0.02305974708358281,Females
ğŸ¤¾ğŸ¼â€â™‚ï¸,0.02305974708358281,Females
ğŸ™ğŸ½â€â™€ï¸,0.02305974708358281,Females
ğŸ¥®,0.02305974708358281,Females
ğŸ¤µğŸ¿,0.02305974708358281,Females
ğŸ’ğŸ¿,0.02305974708358281,Females
ğŸ‘©ğŸ¾â€ğŸ“,0.02305974708358281,Females
ğŸ‘®ğŸ¼â€â™‚ï¸,0.02305974708358281,Females
ğŸ‘·ğŸ¼â€â™€ï¸,0.02305974708358281,Females
ğŸ‘¨ğŸ¿â€ğŸš’,0.02305974708358281,Females
ğŸ‘¨ğŸ¼â€ğŸ­,0.02305974708358281,Females
ğŸ‘¨ğŸ¾â€ğŸ”§,0.02305974708358281,Females
ğŸ‘©ğŸ½â€ğŸ¤,0.02305974708358281,Females
ğŸ‡¨ğŸ‡¬,0.02305974708358281,Females
ğŸ™†ğŸ¾,0.02305974708358281,Females
ğŸ‘©ğŸ¿â€âš–ï¸,0.02305974708358281,Females
ğŸ‡¹ğŸ‡¼,0.02305974708358281,Females
ğŸ‘¨â€ğŸ‘§,0.02305974708358281,Females
ğŸ¤œğŸ¾,0.02305974708358281,Females
ğŸ‘©ğŸ¼â€ğŸš’,0.02305974708358281,Females
ğŸ‘µğŸ¿,0.02305974708358281,Females
ğŸ¤±ğŸ¿,0.02305974708358281,Females
ğŸ§—ğŸ½â€â™€ï¸,0.02305974708358281,Females
ğŸŠğŸ¼â€â™‚ï¸,0.02305974708358281,Females
ğŸ‘¨ğŸ¾â€ğŸ¨,0.02305974708358281,Females
âº,0.02305974708358281,Females
ğŸ§›ğŸ»â€â™‚ï¸,0.02305974708358281,Females
ğŸ’ğŸ¾â€â™‚ï¸,0.023067069016610982,Males
ğŸŒƒ,0.023076917902696472,Males
ğŸ‘«,0.02312370917594013,Females
ğŸ‘®â€â™€ï¸,0.023705553243175272,Males
â™‹,0.02451194470576403,Females
ğŸ¥,0.024931732020783522,Females
ğŸ§›â€â™‚ï¸,0.025385226121596532,Males
ğŸ¤¸ğŸ½â€â™€ï¸,0.025624713686652444,Females
ğŸ‘ğŸ»,0.02602236836387993,Males
ğŸ“¡,0.026144862882044692,Males
ğŸ‘©â€ğŸ¨,0.026160146282891514,Females
ğŸ‘°,0.026625616354456885,Males
ğŸ‘’,0.02746480318388985,Females
ğŸ¤·ğŸ»,0.02762501885612014,Males
ğŸ¥‰,0.02833305514716455,Males
ğŸ‘¨ğŸ½â€ğŸš€,0.028382775940652773,Males
ğŸ–,0.02848754047974779,Males
ğŸ”,0.02857652766991654,Males
ğŸ™‡,0.02869769986200425,Males
ğŸ¬,0.028738902988900715,Females
ğŸ¿,0.02878152439288814,Males
ğŸ‘‰ğŸ½,0.029157944379991477,Females
ğŸ‘¨â€ğŸ³,0.029293761476248827,Males
ğŸ¤™ğŸ¿,0.029293761476248827,Males
ğŸ‰,0.029464546565335724,Females
ğŸ¿,0.02987079785857874,Females
âœ‹ğŸ»,0.029928421871354322,Females
ğŸ‘¨â€ğŸ‘©â€ğŸ‘§,0.029976656524140034,Females
ğŸ§¢,0.02998672510962039,Males
ğŸ‘†ğŸ¼,0.030021784416147904,Females
ğŸ‹,0.030172617490271007,Females
ğŸ›´,0.030336792778961806,Males
ğŸ‡µğŸ‡¸,0.030336792778961806,Males
ğŸº,0.03063931565116207,Males
ğŸ‡±ğŸ‡·,0.030735592933379536,Males
âœğŸ½,0.03095840393581941,Males
ğŸ‡²ğŸ‡¦,0.03105287247951001,Males
ğŸ’‡ğŸ»â€â™€ï¸,0.03158786939680405,Females
ğŸ—,0.03187066237194581,Males
â›ˆ,0.03285599794574497,Females
ğŸ•ºğŸ½,0.033630745152762063,Males
ğŸ¤·ğŸ¼â€â™‚ï¸,0.033659268459187326,Males
ğŸ¤·ğŸ½,0.03381798266061646,Same
ğŸ—³,0.03382110616510082,Males
ğŸ†,0.03390518038386784,Females
ğŸ§Ÿâ€â™€ï¸,0.034355434033210924,Females
ğŸŒ‡,0.03440733806376687,Males
ğŸµ,0.03450460762346804,Males
â™,0.034792941549446545,Females
ğŸ†š,0.03512436768753363,Same
ğŸŒ¼,0.03551622210508462,Males
ğŸ’…ğŸ»,0.03567187048333134,Females
ğŸ«,0.0358462843671966,Females
ğŸŒ¡,0.036541233638960516,Females
ğŸ¥›,0.036569844325468476,Males
ğŸ‡¶ğŸ‡¦,0.03718321432399996,Males
ğŸ‘‚ğŸ¾,0.0384590808666523,Males
ğŸ¥´,0.0384590808666523,Males
â›³,0.03862571581090246,Males
ğŸŒ,0.04170559565073777,Females
ğŸ‰,0.04222884024108421,Females
â›¸,0.04279850478948329,Females
ğŸ”Š,0.042946458888789944,Females
ğŸª,0.04326908438545406,Males
ğŸ‘¼ğŸ½,0.0432960139038894,Males
ğŸ“©,0.043880562225285906,Males
ğŸ±,0.04396663625391098,Males
ğŸ’ğŸ»â€â™‚ï¸,0.04468201596318483,Males
ğŸ’…ğŸ¾,0.044920448625514045,Females
ğŸ¤˜ğŸ»,0.04547258455809082,Females
ğŸ’¼,0.04547723336223668,Females
ğŸ›,0.045579085864386,Males
ğŸš¶ğŸ¾â€â™‚ï¸,0.04619326312676147,Males
ğŸš‘,0.04637423338590349,Males
ğŸ¤µ,0.046930053311497036,Males
âšœ,0.04763715568992432,Males
ğŸ‡«ğŸ‡·,0.048125607691988044,Females
ğŸ‘¨â€âš•ï¸,0.048624601513141796,Males
ğŸ‘†,0.04980737049413008,Males
ğŸ‘‹ğŸ»,0.049939119336686995,Males
ğŸ•ºğŸ¿,0.05069024307716284,Females
âœŠğŸ¾,0.05070556301847968,Males
ğŸ“œ,0.05164232415521237,Same
ğŸƒ,0.052081568738666616,Females
ğŸ‡¸ğŸ‡¦,0.05238975604877938,Males
ğŸ”˜,0.052532532539240485,Males
ğŸ‘ŠğŸ¿,0.053332726422068155,Males
ğŸˆ,0.053612575557039154,Females
ğŸ‡®ğŸ‡©,0.05400167609941633,Males
ğŸš,0.054433057534552735,Females
ğŸ‘©â€ğŸ«,0.054433057534552735,Females
ğŸ’ƒğŸ¾,0.05595708211490282,Females
ğŸ’â€â™‚ï¸,0.055997199444878555,Males
ğŸ™‹ğŸ¿â€â™€ï¸,0.05875818965318682,Females
ğŸ¤¸ğŸ¾â€â™€ï¸,0.05934868555337987,Females
âš ,0.05983093918900112,Females
ğŸ¤¢,0.061161007494971845,Females
ğŸ™†ğŸ¼â€â™‚ï¸,0.06133035945840848,Males
â¬›,0.06133035945840852,Males
ğŸ‘ï¸â€ğŸ—¨ï¸,0.06133035945840852,Males
ğŸ’†ğŸ¼â€â™‚ï¸,0.06133035945840852,Males
ğŸ‘¨ğŸ¿,0.06133035945840852,Males
ğŸŒš,0.06227527149025514,Females
ğŸ§,0.062349493648151684,Females
ğŸ¬,0.06310508866598367,Females
ğŸ’¸,0.06350706087980487,Females
ğŸ§€,0.06362674573518659,Females
ğŸ˜,0.06378398255903793,Males
ğŸ‡¾ğŸ‡ª,0.06391192679573195,Males
ğŸ›’,0.06531202581537325,Same
ğŸ‡²ğŸ‡½,0.06622527596225271,Males
ğŸ•µï¸â€â™‚ï¸,0.06771863806512377,Females
ğŸŒ˜,0.06771863806512377,Females
ğŸ‘ŒğŸ¿,0.06824273465907524,Males
ğŸ¨,0.06996419493607517,Females
ğŸ³ï¸â€ğŸŒˆ,0.0720084483655245,Females
â›…,0.07206481965477025,Females
ğŸ¤¾ğŸ½â€â™‚ï¸,0.0731134550825961,Females
ğŸš¶ğŸ¾â€â™€ï¸,0.0731134550825961,Females
ğŸ,0.07582164856121715,Females
ğŸ¥,0.07598464768570655,Males
ğŸ¤°ğŸ¼,0.07841858479712693,Females
ğŸŠğŸ½â€â™‚ï¸,0.07906938112882624,Males
ğŸš‡,0.07906938112882624,Males
ğŸ™…ğŸ¿â€â™‚ï¸,0.07906938112882624,Males
ğŸ‡§ğŸ‡ª,0.0791932058196408,Males
ğŸƒğŸ»â€â™€ï¸,0.0809544064454242,Males
ğŸ‡°ğŸ‡¼,0.08124267317466749,Males
ğŸ™‡ğŸ½â€â™‚ï¸,0.08124267317466749,Males
ğŸ¤¸â€â™‚ï¸,0.0816921358003739,Females
ğŸ¤¦ğŸ¿â€â™‚ï¸,0.08247612766418556,Males
ğŸ‡,0.08262284630652304,Females
ğŸ¤™ğŸ¾,0.08474338344289839,Females
ğŸŒ±,0.08475108284729384,Females
ğŸ‡¿ğŸ‡¦,0.08497004364957951,Males
âŒš,0.08587621943776122,Females
ğŸ¤”,0.08774617149427318,Females
ğŸ‘´ğŸ½,0.08784946907276757,Females
ğŸ‡­ğŸ‡¹,0.08784946907276757,Females
â›²,0.08784946907276757,Females
ğŸª,0.08876267809645023,Males
ğŸ¤–,0.08883744798251327,Males
ğŸƒğŸ½â€â™‚ï¸,0.09035554695306512,Males
ğŸ§œğŸ»â€â™€ï¸,0.09076487426253997,Females
ğŸ‘©â€ğŸ³,0.09076487426253997,Females
ğŸ™â€â™€ï¸,0.09076487426253997,Females
ğŸ«,0.09110238787529297,Males
ğŸ§,0.09217198240614455,Females
ğŸ™Š,0.09466626195036204,Males
ğŸ˜œ,0.09489750429697338,Females
ğŸ¤šğŸ»,0.09516335124324478,Males
âœŠğŸ¼,0.09577135824125249,Females
ğŸ‘¿,0.09625446261459464,Females
ğŸ”’,0.09705184391709593,Males
âœ‚,0.09720000721925195,Males
ğŸšµ,0.0972631164332303,Same
ğŸ§œğŸ¼â€â™€ï¸,0.09833774735097237,Females
ğŸ™ğŸ»â€â™‚ï¸,0.09833774735097237,Females
ğŸ›¢,0.09833774735097237,Females
ğŸ¤¸ğŸ¿â€â™€ï¸,0.09833774735097237,Females
ğŸ‘¨ğŸ½,0.0983377473509724,Females
ğŸ§›ğŸ»â€â™€ï¸,0.0983377473509724,Females
ğŸ‘†ğŸ¾,0.0983377473509724,Females
ğŸ’Š,0.09932575119214647,Females
âœğŸ»,0.09937605318354076,Males
ğŸƒ,0.10025200246487577,Females
âœ”,0.10161801515865801,Females
ğŸ‘‹,0.10178849349638079,Males
ğŸ‡®ğŸ‡¹,0.10385432480217661,Males
ğŸ¸,0.10453079742149211,Males
ğŸ’¥,0.10484215169878752,Males
ğŸ£,0.10512835344208589,Females
ğŸ¥ƒ,0.10611814255833683,Females
ğŸƒğŸ½â€â™€ï¸,0.10627308412654835,Females
3ï¸âƒ£,0.10652324942471818,Same
ğŸ½,0.10960125539393004,Females
â˜®,0.11054429179567744,Males
ğŸš¶ğŸ½â€â™€ï¸,0.11131646880782346,Females
â†˜,0.11191883341531567,Males
ğŸ§šğŸ½â€â™€ï¸,0.112842714029945,Females
ğŸ§šğŸ»â€â™€ï¸,0.112842714029945,Females
ğŸ™‹ğŸ¾â€â™‚ï¸,0.11477559765094135,Males
ğŸ§šâ€â™€ï¸,0.11648293343861028,Males
ğŸ³,0.11675385020609907,Females
ğŸ‘„,0.11842002380961669,Males
ğŸ¥°,0.12039367337239931,Females
âª,0.12042609949816495,Same
ğŸŠ,0.12130055592927975,Females
ğŸ¦ˆ,0.12277913214509646,Males
ğŸ‡,0.12379452780202062,Females
ğŸ§”ğŸ»,0.12513314458616115,Males
ğŸ¤°ğŸ¾,0.12607376517279725,Females
ğŸƒğŸ¼â€â™‚ï¸,0.12621845867984258,Females
ğŸ§£,0.12621845867984258,Females
ğŸš´,0.1265263905954405,Males
ğŸ,0.1268725699988127,Females
ğŸŠ,0.12753733944120407,Females
ğŸ–•ğŸ¾,0.12860812912177194,Females
ğŸ‡»ğŸ‡ª,0.12931418564575642,Females
ğŸ¦†,0.12987089740681731,Females
ğŸ“,0.13029985005732894,Males
ğŸŒ,0.13107450380183397,Males
ğŸ’³,0.132832853874281,Males
ğŸ“ˆ,0.13521905313494562,Males
ğŸ©,0.13629535548243119,Males
ğŸŒ”,0.13749550842932376,Females
ğŸ,0.13765886239612682,Females
ğŸ“—,0.1386775803061179,Same
âœğŸ¾,0.13951765681450382,Males
ğŸ‡­ğŸ‡º,0.13972570856461913,Females
ğŸ•ºğŸ¾,0.14051374368948927,Females
ğŸ‡ªğŸ‡¸,0.14157046213610566,Males
ğŸ”¨,0.1419773934366177,Males
ğŸ‡¦ğŸ‡·,0.14416241320318007,Males
ğŸ¥–,0.14781299002203419,Females
ğŸšŒ,0.148239735291488,Males
â˜‚,0.14846684536127988,Females
ğŸ–,0.14850855163481377,Males
ğŸ,0.1507823352960879,Males
ğŸ‘,0.15262282936309016,Females
ğŸ”‘,0.153192317745973,Females
ğŸ’©,0.15388112892126984,Males
ğŸš™,0.15856487977006023,Females
ğŸ™†ğŸ¿â€â™‚ï¸,0.15879648290367102,Males
ğŸŒ¶,0.15920140990667417,Females
ğŸŒ,0.16069593238564434,Females
â†”,0.1608225406467672,Males
ã€°,0.1618871619182457,Males
ğŸ•’,0.16286534965940602,Males
ğŸ‘,0.1629926950353883,Females
ğŸ”,0.16460724827551698,Males
ğŸ¦‘,0.16605943213455057,Males
ğŸ“°,0.1660935084810792,Males
ğŸ‘‹ğŸ¾,0.16708576770269604,Females
âœŒğŸ¿,0.167696280662351,Females
ğŸ’ğŸ»,0.1691389175541334,Females
ğŸ‘©â€ğŸ”¬,0.1729037859387943,Males
ğŸ‘¨â€ğŸ¨,0.1729037859387943,Males
ğŸ‘©ğŸ»â€âš•ï¸,0.1729037859387943,Males
ğŸ‘·â€â™€ï¸,0.1729037859387943,Males
ğŸ‘©ğŸ¾,0.1729037859387943,Males
ğŸ•š,0.174174847812144,Males
ğŸ•Ÿ,0.174174847812144,Males
ğŸ‘¨ğŸ½â€ğŸ’»,0.174174847812144,Males
ğŸ™â€â™€ï¸,0.174174847812144,Males
â¹,0.174174847812144,Males
ğŸ‘©â€ğŸš€,0.174174847812144,Males
ğŸš¶ğŸ¿,0.174174847812144,Males
ğŸ‘¨ğŸ¾,0.174174847812144,Males
ğŸ‘±ğŸ¿â€â™€ï¸,0.174174847812144,Males
ğŸ¥«,0.174174847812144,Males
ğŸ’‚â€â™‚ï¸,0.174174847812144,Males
ğŸ‘³â€â™‚ï¸,0.174174847812144,Males
â™‘,0.174174847812144,Males
ğŸ‘¨ğŸ½â€ğŸ³,0.174174847812144,Males
ğŸ••,0.174174847812144,Males
ğŸ™â€â™‚ï¸,0.174174847812144,Males
ğŸš¡,0.174174847812144,Males
ğŸ‘¨ğŸ½â€ğŸ«,0.174174847812144,Males
ğŸ‘‰ğŸ¼,0.17606826459838518,Females
â„¢,0.17673962939864263,Females
ğŸ™ŒğŸ¿,0.1784110385465395,Females
â˜„,0.17964921442033055,Females
ğŸ²,0.18241259368369916,Males
ğŸ’ªğŸ¾,0.18281908831737892,Females
ğŸˆ,0.18389815776244314,Same
ğŸšœ,0.18389815776244314,Same
ğŸš¶ğŸ½,0.18407008944670658,Same
ğŸ‚,0.1842656299106916,Females
â•,0.1849999814735205,Females
ğŸ±,0.18608920878186502,Females
ğŸ™ğŸ¿,0.18706096712227585,Males
ğŸ›¡,0.189821896516461,Males
ğŸš¶ğŸ½â€â™‚ï¸,0.19038506565739732,Males
ğŸ‡·ğŸ‡¸,0.19038506565739732,Males
ğŸ¦,0.19109967750617557,Males
ğŸ—½,0.19234816340928312,Males
ğŸ¦Œ,0.19344140414011257,Females
ğŸ ,0.19370205143534358,Males
ğŸ„,0.19383222366922898,Males
ğŸ•ºğŸ¼,0.20106482832369624,Females
ğŸ™†ğŸ½â€â™‚ï¸,0.20938772635002756,Males
ğŸ‰,0.20938772635002756,Males
ğŸ”,0.20938772635002756,Males
ğŸ’…ğŸ¿,0.20938772635002756,Males
ğŸŒ¯,0.20938772635002756,Males
ğŸ¥¥,0.209800386559864,Females
ğŸ‡­ğŸ‡·,0.2102341768230729,Males
ğŸ”¬,0.2109606001308503,Females
ğŸ‡ªğŸ‡¨,0.21176923449619714,Same
ğŸ°,0.2122304536687075,Females
ğŸŒ¥,0.21239289514670398,Males
ğŸ–‡,0.21398534105631115,Females
â›ª,0.21454781908601112,Males
ğŸ—¾,0.21597278683077084,Males
ğŸ‘˜,0.21639450522223858,Females
ğŸ›Œ,0.2165980260684843,Females
ğŸŒŒ,0.21731491248779108,Males
ğŸ‘‡ğŸ¾,0.21732811633306845,Females
ğŸ‘‘,0.2225273747882628,Females
ğŸ‘‰ğŸ¾,0.22284341766612098,Females
ğŸ•´,0.23135725591670486,Males
ğŸ§—â€â™‚ï¸,0.23330920318128087,Females
ğŸ•µğŸ¼â€â™€ï¸,0.23330920318128087,Females
âš›,0.23330920318128087,Females
ğŸ’‡ğŸ½,0.23330920318128087,Females
ğŸ‘ˆğŸ¿,0.23330920318128087,Females
ğŸƒğŸ¾,0.23330920318128087,Females
ğŸƒğŸ¼,0.23330920318128087,Females
ğŸ§˜ğŸ¼â€â™€ï¸,0.23330920318128087,Females
ğŸ‘±ğŸ¾â€â™‚ï¸,0.23330920318128087,Females
ğŸ’‡ğŸ½â€â™€ï¸,0.23330920318128087,Females
ğŸŒï¸â€â™€ï¸,0.23330920318128087,Females
ğŸ‘©ğŸ½â€ğŸ“,0.23330920318128087,Females
ğŸ’½,0.23330920318128087,Females
â›¹,0.23330920318128087,Females
ğŸ‘¨ğŸ»â€ğŸ”¬,0.23330920318128087,Females
ğŸ‘¨ğŸ¼â€ğŸŒ¾,0.23330920318128087,Females
ğŸ‡¹ğŸ‡¹,0.23330920318128087,Females
ğŸ‘©ğŸ»â€ğŸ«,0.23330920318128087,Females
ğŸŒ®,0.23432806562716726,Females
âœŠ,0.2343629533578374,Males
ğŸ‘Œ,0.24234271862585782,Males
ğŸ‘®ğŸ»,0.2438643440585031,Same
â†™,0.2438643440585031,Same
â¸,0.2438643440585031,Same
ğŸ“„,0.2438643440585031,Same
ğŸ“´,0.2438643440585031,Same
ğŸŒœ,0.2441806209552472,Females
ğŸ¤³,0.24466089605679894,Females
ğŸ™‹â€â™€ï¸,0.24467471282922504,Females
ğŸ‡¦ğŸ‡º,0.2448175324346647,Males
ğŸ„ğŸ»â€â™‚ï¸,0.2449449542968686,Males
ğŸš•,0.24841727967668067,Males
âŒ›,0.2496804077376809,Females
ğŸ—»,0.2503446335603447,Females
ğŸ»,0.25065948182945214,Females
ğŸ¥µ,0.25258026731682653,Males
ğŸ‘¨â€ğŸ”§,0.2574554483786138,Males
ğŸ‘³,0.2594984364175151,Females
ğŸ’,0.26557947551298655,Females
ğŸ°,0.26601741350279756,Females
ğŸ”½,0.2672672497573834,Same
ğŸ”Œ,0.2672672497573834,Same
ğŸ‘ˆğŸ¼,0.2673600757889531,Females
ğŸ•¸,0.2688419816992114,Females
ğŸ¤·ğŸ¿â€â™€ï¸,0.2691844190433202,Males
ğŸŠğŸ»â€â™‚ï¸,0.26923964433315667,Males
ğŸ•µ,0.26923964433315667,Males
ğŸ…,0.2706295002915528,Males
ğŸ˜½,0.27136335495739844,Females
ğŸ,0.27516676506693416,Males
ğŸ–•ğŸ»,0.27718447635439564,Males
â›©,0.27760179109506733,Males
â™¦,0.2797314345556487,Males
â˜˜,0.2804832837014354,Males
ğŸš¹,0.2808236603908787,Same
ğŸ‡°ğŸ‡ª,0.2808236603908787,Same
ğŸ‡¨ğŸ‡º,0.2808236603908787,Same
ğŸ–Œ,0.2808236603908787,Same
ğŸ’¬,0.2810212729512149,Females
ğŸ‘,0.2826475463932762,Females
ğŸ‡µğŸ‡±,0.2837649464051447,Males
ğŸ³,0.2843920984343452,Males
ğŸ¥š,0.285866383239359,Males
ğŸ‘©ğŸ»,0.28679868864014707,Females
ğŸ¥,0.291170070010034,Males
ğŸ“¿,0.2924160007488823,Females
ğŸš¤,0.2924375564450994,Females
ğŸ‘±,0.2924375564450994,Females
ğŸ‘©â€ğŸ‘§,0.2924375564450994,Females
â™,0.2924375564450994,Females
ğŸ—‘,0.2930556244324696,Females
ğŸ—¿,0.29313137081038637,Males
ğŸ‘›,0.29483596831269987,Females
ğŸ¦’,0.29780355129593283,Males
ğŸ¤¦ğŸ¾,0.2986963712898935,Females
ğŸ“¼,0.30093974305294086,Males
ğŸ¤µğŸ»,0.30093974305294086,Males
ğŸ¤™ğŸ»,0.30169587468628023,Males
â›µ,0.3062037218254203,Females
ğŸŒ½,0.3074028723739063,Males
ğŸ’¤,0.309834476461323,Males
ğŸ•ºğŸ»,0.3126319435427964,Males
ğŸ“›,0.3129001883757885,Females
ğŸ—“,0.3155430619049973,Males
ğŸ‘¶ğŸ½,0.31567589301300014,Females
â™Œ,0.31728090728866165,Males
8ï¸âƒ£,0.31728090728866165,Males
ğŸ––ğŸ»,0.31728090728866165,Males
ğŸŠâ€â™‚ï¸,0.31728090728866165,Males
ğŸ‘¥,0.3203631826936824,Males
ğŸ‘´ğŸ»,0.3203631826936824,Males
ãŠ™,0.3209563241444672,Males
ğŸšŠ,0.3233843784621289,Same
ğŸ“ƒ,0.3233843784621289,Same
ğŸ”–,0.3233843784621289,Same
ğŸ­,0.3233843784621289,Same
ğŸ“¶,0.3233843784621289,Same
ğŸ½,0.3233843784621289,Same
ğŸ”•,0.3260227671126399,Males
ğŸ¥œ,0.33040881501489333,Females
ğŸº,0.330810842617333,Females
ğŸ‘©ğŸ»â€ğŸ³,0.33197376999754735,Females
ğŸ¤¼â€â™‚ï¸,0.33197376999754735,Females
ğŸ‡µğŸ‡·,0.33218324151957257,Males
ğŸ¦€,0.3322888488874761,Females
ğŸ‘¶,0.33257634508312256,Females
ğŸ•µï¸â€â™€ï¸,0.33330994685622395,Females
ğŸŒ–,0.33330994685622395,Females
ğŸ,0.3354422402346207,Females
ğŸ”›,0.3391050940701454,Males
ğŸ‡©ğŸ‡°,0.3434334218788134,Males
ğŸ,0.3440788469269361,Females
ğŸš¿,0.3516270753850216,Females
ğŸ³,0.3606498397493981,Females
ğŸ›€,0.3688782079432671,Females
ğŸ,0.3691416659547279,Males
ğŸ™…,0.3717590519208181,Females
ğŸ”­,0.37239541811330773,Same
ğŸ¦“,0.37239541811330773,Same
ğŸ¤›ğŸ»,0.37239541811330773,Same
ğŸ€,0.3733114360140149,Males
ğŸ”§,0.37720044805697767,Males
ğŸ§›â€â™€ï¸,0.3779811081645388,Males
ğŸ™ğŸ¼â€â™‚ï¸,0.3779811081645388,Males
ğŸ‘±â€â™‚ï¸,0.3779811081645388,Males
ğŸ™†ğŸ½,0.3779811081645388,Males
â†•,0.3779811081645388,Males
ğŸ‘§ğŸ¾,0.3779811081645388,Males
ğŸŒğŸ»â€â™€ï¸,0.3779811081645388,Males
ğŸˆµ,0.3779811081645388,Males
ğŸš£â€â™€ï¸,0.3779811081645388,Males
ğŸ§“,0.3779811081645388,Males
â†©,0.3779811081645388,Males
ğŸ¬,0.3779811081645388,Males
ğŸª,0.3779811081645388,Males
ğŸ¤šğŸ½,0.3779811081645388,Males
ğŸ‘ğŸ¿,0.3779811081645388,Males
ğŸ¥ ,0.3779811081645388,Males
ğŸ–ğŸ¿,0.3779811081645388,Males
â›·,0.3779811081645388,Males
ğŸ™â€â™‚ï¸,0.3779811081645388,Males
ğŸ‘©â€ğŸš’,0.3779811081645388,Males
ğŸŠ,0.37884327802779233,Males
ãŠ—,0.381089159441229,Females
ğŸ‘¸ğŸ¾,0.38123890453391984,Males
ğŸƒ,0.38123890453391984,Males
ğŸ¥¢,0.38123890453391984,Males
â™‰,0.3813644371726882,Females
ğŸ‘¶ğŸ¾,0.3813644371726882,Females
ğŸ“–,0.3818215647135088,Males
ğŸ“,0.38262083067223907,Males
ğŸ‹ğŸ»â€â™‚ï¸,0.3829854476408985,Males
ğŸ¥§,0.3851930723614795,Males
ğŸ¤²ğŸ»,0.38616390111742965,Females
ğŸ’£,0.38705994957409123,Males
ğŸ¦…,0.3873741346319125,Males
ğŸ‘‹ğŸ½,0.38783473679111313,Females
ğŸ‘¨â€ğŸ’»,0.39248784633772055,Males
ğŸ…,0.39643404610592703,Females
ğŸ‘§ğŸ»,0.39701591196818165,Females
ğŸ¡,0.3973155854231937,Males
ğŸ–ğŸ¾,0.3976829484796158,Males
ğŸ‘¨ğŸ»â€ğŸŒ¾,0.3976829484796158,Males
ğŸ‘©â€ğŸ¤,0.3976829484796158,Males
ğŸ™‡ğŸ¾,0.3976829484796158,Males
ğŸ‘©â€ğŸ’¼,0.3976829484796158,Males
ğŸ™…â€â™‚ï¸,0.3977850652423697,Males
ğŸš˜,0.4005848520556454,Males
ğŸŒµ,0.4009816591089277,Females
ğŸ––,0.4051510351493405,Females
ğŸ˜¾,0.4081736668907067,Females
ğŸ¤º,0.4085538290401708,Males
ğŸ•¹,0.4086539992426812,Females
ğŸš¦,0.4114201199336107,Females
ğŸ ,0.4204913914111485,Females
ğŸ—¼,0.4280263911649401,Females
ğŸ‘©â€â¤ï¸â€ğŸ’‹â€ğŸ‘¨,0.4288343563025806,Same
â˜ğŸ¿,0.4288343563025806,Same
ğŸš¶ğŸ¼â€â™€ï¸,0.4288343563025806,Same
ğŸš,0.4288343563025806,Same
ğŸ’†ğŸ½â€â™‚ï¸,0.4288343563025806,Same
ğŸš†,0.4288343563025806,Same
ğŸ‘·,0.4288343563025806,Same
â˜¦,0.4288343563025806,Same
ğŸ™‡ğŸ¼â€â™‚ï¸,0.4288343563025806,Same
ğŸ‡±ğŸ‡»,0.4314367136295444,Same
ğŸ‡ªğŸ‡º,0.4323279478058144,Males
ğŸ¤›ğŸ¼,0.43266375567401916,Females
ğŸœ,0.4328451320498403,Males
ğŸ‘©â€ğŸ­,0.43484889563168017,Males
ğŸ,0.4369376456739865,Males
â˜¢,0.4369376456739865,Males
ğŸ¥³,0.4370805423824347,Males
ğŸ‘,0.4382171811242134,Males
ğŸ™,0.439705950605766,Males
ğŸ“Ÿ,0.4402673821566121,Females
ğŸšº,0.4402673821566121,Females
ğŸ’‡â€â™€ï¸,0.44441460675517186,Females
âœ‹,0.4459004240538659,Females
ğŸš“,0.4468803802902872,Males
ğŸ,0.447251305450147,Males
ğŸŒ‚,0.4526541586029027,Same
ğŸ–,0.4526541586029027,Same
ğŸŒ•,0.45266107281493684,Females
ğŸšª,0.45793100282659915,Females
ğŸ‘´ğŸ¿,0.45930490315101224,Females
ğŸ‡ªğŸ‡¹,0.45930490315101224,Females
ğŸ‘©ğŸ»â€ğŸ¨,0.45930490315101224,Females
ğŸ‘©ğŸ¾â€âš•ï¸,0.45930490315101224,Females
ğŸ’†ğŸ¾,0.45930490315101224,Females
ğŸ‘©ğŸ»â€ğŸ”§,0.45930490315101224,Females
ğŸ—‚,0.45930490315101224,Females
ğŸ‘¨ğŸ¾â€ğŸ’»,0.45930490315101224,Females
ğŸ”€,0.45930490315101224,Females
ğŸ‡³ğŸ‡´,0.45930490315101224,Females
ğŸ’†ğŸ»â€â™‚ï¸,0.45930490315101224,Females
ğŸ‘¨â€ğŸ‘©â€ğŸ‘¦,0.45930490315101224,Females
ğŸ‘‰ğŸ¿,0.45930490315101224,Females
ğŸš¶ğŸ¾,0.45930490315101224,Females
ğŸ•,0.4613780601737528,Females
ğŸ™†â€â™‚ï¸,0.4630572617545413,Females
â™£,0.46319463742524514,Males
ğŸ“,0.46324406562076637,Females
ğŸ¤œğŸ¼,0.46420868457986864,Males
ğŸ—º,0.46421277277304307,Males
ğŸ†,0.46464343707499056,Males
ğŸ‡·ğŸ‡º,0.4648144616575133,Males
ğŸš¶ğŸ»â€â™‚ï¸,0.46941121685615517,Males
ğŸ™‹â€â™‚ï¸,0.46957906999239096,Males
ğŸˆ,0.47383553561687786,Females
ğŸ¤š,0.47744184434462766,Females
ğŸ­,0.4797812170495752,Males
ğŸ›µ,0.48099878353128744,Males
ğŸ—,0.48099878353128744,Males
ğŸ’ğŸ¾â€â™€ï¸,0.48793759749831356,Females
âœ‹ğŸ½,0.48847773710680864,Females
ğŸ“”,0.48847773710680864,Females
ğŸ“˜,0.48847773710680864,Females
ğŸŒ‰,0.49179312362993166,Males
ğŸŒ,0.4925779754641887,Females
ğŸ“‚,0.4938269254666665,Same
ğŸ›,0.4938269254666665,Same
ğŸ¤´ğŸ½,0.4938269254666665,Same
ğŸ“§,0.4938269254666665,Same
ğŸ•˜,0.4938269254666665,Same
ğŸ’ğŸ¼â€â™‚ï¸,0.4938269254666665,Same
ğŸ•‰,0.4938269254666665,Same
ğŸ“µ,0.4938269254666665,Same
ğŸ›°,0.4938269254666665,Same
ğŸ¥,0.4938269254666665,Same
ğŸ‡»ğŸ‡³,0.4938269254666665,Same
ğŸš,0.4938269254666665,Same
ğŸ‡¯ğŸ‡²,0.4938269254666665,Same
ğŸ‘µğŸ½,0.4938269254666665,Same
ğŸš,0.4938269254666665,Same
ğŸ‘§ğŸ¼,0.49411641252385896,Females
ğŸ¯,0.4947413878790008,Males
ğŸ§,0.49589482994113065,Females
ğŸ§â€â™‚ï¸,0.49841601612519626,Males
ğŸ,0.4993089727809896,Males
ğŸ‘,0.4998381454020129,Males
ğŸƒâ€â™‚ï¸,0.5012224638817355,Males
âœ‰,0.5013541375345019,Females
ğŸ”“,0.5019109736361331,Males
ğŸ‘®,0.5037737867905616,Females
ğŸ”š,0.5074020553387946,Males
âœ‹ğŸ¼,0.5081865411912598,Females
ğŸ’ƒğŸ»,0.5121741904235648,Females
ğŸ¡,0.5135453970970918,Females
ğŸ”—,0.5154881366173782,Males
ğŸ§’,0.5188836185394645,Males
ğŸ‘¦ğŸ¼,0.5188836185394645,Males
â›‘,0.5188836185394645,Males
ğŸ“,0.5239209841050751,Males
ğŸ›¸,0.5244726331041574,Males
ğŸ¤³ğŸ¼,0.5260609581455092,Females
ğŸš¶ğŸ¿â€â™‚ï¸,0.5260609581455092,Females
ğŸ‘©ğŸ¼â€ğŸ³,0.5260609581455092,Females
â™ˆ,0.5260609581455092,Females
ğŸ‡¨ğŸ‡­,0.5282829497159489,Males
ğŸ¤,0.529194425421925,Females
ğŸ‡¨ğŸ‡·,0.5310612741203566,Males
ğŸ¥„,0.5379496006839046,Females
ğŸŸ,0.5381250268632387,Females
â–«,0.5393426251841356,Females
ğŸ‡°ğŸ‡·,0.5404738497528507,Males
ğŸ–•ğŸ¿,0.5404897469753551,Same
âš’,0.5411791194877247,Males
ğŸ¦,0.541277035195558,Females
ğŸ‘ğŸ¿,0.541687456251279,Males
ğŸ´,0.5427149214684455,Males
â›“,0.5453979127987387,Males
ğŸ”,0.5455607350545428,Males
ğŸ‘ŠğŸ½,0.5496649458407474,Females
ğŸ’‡,0.5496920097554685,Males
ğŸ¥£,0.5496920097554685,Males
ğŸ™,0.5502397975726014,Females
ğŸ–ğŸ½,0.553906670778261,Females
ğŸ¨,0.5585713646169921,Males
ğŸ‘¨,0.5592346396784704,Females
ğŸ‘“,0.5596333762390726,Females
ğŸ–,0.5610957259578502,Females
ğŸ”»,0.5612532136873115,Same
ğŸ‡¹ğŸ‡­,0.5615585711013735,Females
ğŸš,0.5615738035781388,Females
ğŸ‡¬ğŸ‡·,0.5686694668965857,Same
ğŸ‘°ğŸ½,0.5686694668965857,Same
ğŸ”,0.5686694668965857,Same
ğŸ‚,0.5686694668965857,Same
ğŸ––ğŸ½,0.5686694668965857,Same
ğŸ”©,0.5686694668965857,Same
ğŸ‘©ğŸ»â€ğŸ’¼,0.5686694668965857,Same
ğŸ¤¹,0.5686694668965857,Same
ğŸ›¶,0.5686694668965857,Same
ğŸ§•ğŸ»,0.5686694668965857,Same
ğŸ¤³ğŸ½,0.5686694668965857,Same
ğŸ›‹,0.5686694668965857,Same
ğŸ‘©ğŸ»â€ğŸ’»,0.5686694668965857,Same
ğŸˆ‚,0.5686694668965857,Same
ğŸ•—,0.5686694668965857,Same
ğŸ¤›ğŸ½,0.5686694668965857,Same
ğŸ•“,0.5686694668965857,Same
â˜¸,0.5686694668965857,Same
ğŸ•,0.5686694668965857,Same
ğŸ‰,0.5686694668965857,Same
ğŸ‹ğŸ½â€â™€ï¸,0.5686694668965857,Same
ğŸ¤±,0.5686694668965857,Same
ğŸ’ğŸ¾,0.5686694668965857,Same
ğŸ§¦,0.5686694668965857,Same
ğŸ§šğŸ¾â€â™€ï¸,0.5686694668965857,Same
ğŸ” ,0.5686694668965857,Same
âœ‹ğŸ¿,0.5686694668965857,Same
ğŸ¥Ÿ,0.569424670595767,Females
ğŸ“¬,0.5699830716733538,Same
ğŸ„â€â™€ï¸,0.572884169637772,Females
ğŸ¤·ğŸ¾,0.572884169637772,Females
ğŸ”°,0.5730002272638202,Females
âœ’,0.5735865373001714,Males
â›½,0.5748914036837087,Males
ğŸ‡©ğŸ‡ª,0.5811537545264278,Males
ğŸƒğŸ¾â€â™€ï¸,0.5817292126151763,Females
ğŸ›‘,0.5825613361086298,Females
ğŸŒ¾,0.5825727313053471,Females
ğŸ›,0.5836993808374138,Females
ğŸ¦‰,0.5846789098483236,Females
ğŸ•™,0.5864852388648014,Males
ğŸ•›,0.5864852388648014,Males
ğŸ‘¨â€ğŸš’,0.5864852388648014,Males
ğŸ¤³ğŸ»,0.5864852388648014,Males
ğŸ,0.5864852388648014,Males
ğŸš´â€â™‚ï¸,0.5865834710139368,Females
ğŸ–ğŸ¼,0.5865834710139368,Females
ğŸ‘,0.5879918488681667,Same
â›„,0.5890657023739476,Females
ğŸ¥•,0.5903265833733313,Females
ğŸŒª,0.5905368071642905,Females
ğŸŒ‹,0.5911296944839637,Males
ğŸ¤˜,0.5911549523231694,Males
ğŸŒ©,0.5923736603756515,Same
ğŸ™‡ğŸ»,0.5923736603756515,Same
ğŸ™‹ğŸ½â€â™€ï¸,0.5926190195777741,Females
ğŸ•–,0.5930835539321229,Males
ğŸ‘©â€ğŸ”§,0.5930835539321229,Males
ğŸ™ğŸ½â€â™‚ï¸,0.5930835539321229,Males
ğŸ•”,0.5930835539321229,Males
ğŸ‘¨ğŸ»â€ğŸ“,0.5930835539321229,Males
ğŸ—,0.5933119397910787,Males
ğŸ,0.5960712894895397,Males
ğŸ¦,0.5991565335825875,Males
ğŸ¤°,0.5997376869704032,Females
ğŸ‡³ğŸ‡¬,0.6003199205333016,Males
ğŸ»,0.6004126203543448,Females
ğŸ¤´ğŸ¾,0.6004140234172133,Males
9ï¸âƒ£,0.6005417789325838,Females
ğŸ¤±ğŸ½,0.6005417789325838,Females
ğŸ‘¨ğŸ»â€ğŸ«,0.6005417789325838,Females
ğŸ‡²ğŸ‡¾,0.6005417789325838,Females
ğŸ‘¨â€â¤ï¸â€ğŸ’‹â€ğŸ‘¨,0.6005417789325838,Females
ğŸ¤¾ğŸ»â€â™‚ï¸,0.6005417789325838,Females
ğŸ™ğŸ»â€â™€ï¸,0.6005417789325838,Females
ğŸ‘¸ğŸ¼,0.602018477347201,Females
ğŸ›³,0.602018477347201,Females
ğŸ“•,0.6061473960009982,Females
ğŸƒğŸ»,0.6064294886452878,Males
ğŸ ,0.6073685663390316,Females
ğŸ‘,0.6075747858950302,Females
ğŸ™…â€â™€ï¸,0.6117384002074023,Females
ğŸ˜,0.6120290799682102,Females
ğŸš´ğŸ»â€â™‚ï¸,0.6122432373863316,Males
ğŸ¤˜ğŸ¿,0.6122432373863316,Males
ğŸ¤¶,0.6122432373863316,Males
âœ,0.6129089522563671,Females
ğŸ‡®ğŸ‡·,0.61856423505281,Males
ğŸ,0.61856423505281,Males
âœğŸ¼,0.6195302850762443,Males
â†—,0.6207118326216319,Males
ğŸ˜ ,0.6230125362463943,Females
âœŠğŸ½,0.6236389958627255,Males
ğŸ‹,0.6261995246971248,Females
0ï¸âƒ£,0.628223719043494,Males
ğŸ‘²,0.6295056527292592,Males
ğŸ”,0.6295186531242614,Females
4ï¸âƒ£,0.6297742871538844,Females
ğŸ‘‡ğŸ½,0.6306907706548497,Males
ğŸ‘©ğŸ»â€ğŸ“,0.6309482930428553,Females
ğŸ‘,0.6309482930428553,Females
ğŸ„â€â™‚ï¸,0.6309482930428553,Females
â¤µ,0.6363310231718846,Females
ğŸ‘¡,0.636706014408193,Females
ğŸ©,0.6370592644577115,Females
5ï¸âƒ£,0.6374776703619446,Same
ğŸ›,0.6374776703619447,Same
ğŸ”¦,0.6374776703619447,Same
ğŸŒ,0.6440466280879145,Females
ğŸ›,0.644413031541148,Females
ğŸ› ,0.6451188397897489,Same
ğŸ‘†ğŸ¿,0.6451188397897489,Same
ğŸ¢,0.6462414819497877,Females
â•,0.653464507599658,Females
ğŸ‘©ğŸ¾â€ğŸ³,0.6548547869629067,Same
ğŸŒğŸ¼â€â™‚ï¸,0.6548547869629067,Same
ğŸ”¢,0.6548547869629067,Same
â™Ÿ,0.6548547869629067,Same
ğŸ‡·ğŸ‡¼,0.6548547869629067,Same
ğŸ“‡,0.6548547869629067,Same
â™’,0.6548547869629067,Same
ğŸ‘©â€ğŸ‘§â€ğŸ‘¦,0.6548547869629067,Same
ğŸ‘¦ğŸ¾,0.6548547869629067,Same
ğŸ‘¼ğŸ¾,0.6548547869629067,Same
ğŸ¤œğŸ½,0.6548547869629067,Same
ğŸ‘‚ğŸ¼,0.6548547869629067,Same
ğŸ‡¦ğŸ‡«,0.6548547869629067,Same
ğŸš»,0.6548547869629067,Same
ğŸ›ƒ,0.6548547869629067,Same
ğŸ£,0.6548547869629067,Same
ğŸ•£,0.6548547869629067,Same
ğŸ•µğŸ»â€â™‚ï¸,0.6548547869629067,Same
ğŸ¤œğŸ»,0.6548547869629067,Same
ğŸŒğŸ»â€â™‚ï¸,0.6548547869629067,Same
ğŸ‘¨â€ğŸ“,0.6548547869629067,Same
ğŸ›‚,0.6548547869629067,Same
ğŸ¦,0.6548547869629067,Same
ğŸ™†ğŸ¼,0.6548547869629067,Same
ğŸ™ğŸ¿â€â™‚ï¸,0.6548547869629067,Same
ğŸš¶ğŸ¼,0.6548547869629067,Same
ğŸ™ğŸ»â€â™€ï¸,0.6548547869629067,Same
ğŸš‹,0.6548547869629067,Same
ğŸ‡³ğŸ‡¿,0.6548547869629067,Same
ğŸ‹ğŸ»â€â™€ï¸,0.6548547869629067,Same
â²,0.6548547869629067,Same
ğŸ§šğŸ¼â€â™€ï¸,0.6548547869629067,Same
ğŸ‡³ğŸ‡®,0.6548547869629067,Same
ğŸ‘©â€ğŸ‘§â€ğŸ‘§,0.6548547869629067,Same
ğŸ‘§ğŸ¿,0.6548547869629067,Same
ğŸ¤¸ğŸ»,0.6548547869629067,Same
ğŸ¤±ğŸ»,0.6548547869629067,Same
ğŸ¸,0.6548547869629067,Same
ğŸš,0.6548547869629067,Same
ğŸ”…,0.6548547869629067,Same
ğŸˆ·,0.6548547869629067,Same
ğŸ‡·ğŸ‡´,0.6548547869629067,Same
ğŸ‘©ğŸ¾â€ğŸ’»,0.6548547869629067,Same
ğŸ’†ğŸ¼,0.6548547869629067,Same
ğŸ‘¨â€ğŸ‘©â€ğŸ‘§â€ğŸ‘§,0.6548547869629067,Same
ğŸœ,0.6548547869629067,Same
ğŸ™‡ğŸ¾â€â™‚ï¸,0.6548547869629067,Same
ğŸšµğŸ»â€â™‚ï¸,0.6548547869629067,Same
ğŸ§œâ€â™€ï¸,0.6548547869629067,Same
ğŸƒğŸ¿â€â™‚ï¸,0.6560203030497805,Males
ğŸƒâ€â™€ï¸,0.6564988993634993,Females
ğŸ¤¦ğŸ¼,0.6570959228029984,Females
ğŸ›,0.6581275074776174,Males
ğŸ¤˜ğŸ¾,0.6596173556392445,Males
ğŸ„,0.6655711337800854,Females
ğŸ”º,0.6658758107519214,Females
ğŸ¤´ğŸ»,0.6666448286721631,Females
ğŸ·,0.6666448286721631,Females
ğŸ™…ğŸ½,0.6666448286721631,Females
ğŸ,0.6676343776631277,Males
ğŸ”ƒ,0.6677090672200432,Males
ğŸ•‹,0.6685422367090712,Males
ğŸ”‡,0.6713050205672544,Females
ğŸ¦ƒ,0.6733625948263029,Females
ğŸ›©,0.6745266009486606,Females
ğŸ“’,0.6775633658265081,Males
ğŸ’ ,0.6801005788347806,Females
ğŸ”ª,0.6802330804509692,Females
ğŸ¥ª,0.6811572438756961,Females
ğŸ‘œ,0.6814991716165427,Males
ğŸ§šğŸ»â€â™‚ï¸,0.6818680641736332,Females
ğŸš´ğŸ»â€â™€ï¸,0.6818680641736332,Females
ğŸ‘¨â€â¤ï¸â€ğŸ‘¨,0.6818680641736332,Females
ğŸ‘ğŸ¿,0.6821953023101495,Males
ğŸ,0.6827879300569546,Males
ğŸ¥‘,0.6840829874074088,Males
ğŸ,0.6843146372335706,Females
ğŸ¤,0.6843538819894097,Females
ğŸ„,0.6869310941544469,Males
ğŸ‘¨ğŸ»â€ğŸ³,0.688457413326944,Same
ğŸš£,0.688457413326944,Same
ğŸ‡®ğŸ‡¶,0.6938974279662593,Males
ğŸƒğŸ¾â€â™‚ï¸,0.6938974279662593,Males
ğŸ…ğŸ»,0.6938974279662593,Males
ğŸ‘¨â€âœˆï¸,0.6938974279662593,Males
ğŸ´,0.6958298066390229,Females
ğŸ‘ŠğŸ¾,0.6966390768374195,Females
â°,0.697757930925754,Females
1ï¸âƒ£,0.7024623910902379,Males
ğŸƒğŸ¼â€â™€ï¸,0.7049481287581849,Females
ğŸ€,0.7101312862112679,Females
ğŸ––ğŸ¼,0.7125189651658526,Males
ğŸ‡µğŸ‡¦,0.7125189651658526,Males
ğŸ‘¨â€ğŸ’¼,0.7125189651658526,Males
ğŸˆ,0.712933522017339,Females
ğŸ¦,0.7142831510452146,Males
ğŸŒ«,0.7155050759857318,Males
ğŸš”,0.7169704089033933,Males
ğŸ™,0.7178608004132123,Males
ğŸ¾,0.7189725756273173,Females
ğŸ–Š,0.7190275410850087,Males
ğŸš¢,0.7212574749277265,Females
ğŸ®,0.7213690609853429,Same
ğŸ•¶,0.7236108592517412,Females
ğŸŒ²,0.7262638131658982,Males
ğŸš¶,0.7281828366724455,Males
ğŸ“‰,0.7320045942802049,Males
ğŸ•,0.7344831227714451,Males
ğŸšƒ,0.7346238332998902,Males
ğŸš§,0.736240593743551,Females
ğŸ‘©â€â¤ï¸â€ğŸ’‹â€ğŸ‘©,0.736240593743551,Females
ğŸ§â€â™€ï¸,0.7402472536298272,Same
âš™,0.7402472536298272,Same
ğŸ‡¬ğŸ‡¹,0.7402472536298272,Same
ğŸ‘¯â€â™‚ï¸,0.7402472536298272,Same
ğŸŒ,0.7402472536298272,Same
ğŸ“,0.7402472536298272,Same
ğŸ›¥,0.7402472536298272,Same
ğŸ§ ,0.7417882899367207,Females
ğŸŒ­,0.7423292453955285,Females
ğŸ¥,0.7428329568901213,Males
ğŸ¢,0.7436504382762579,Males
ğŸ,0.7454630579923492,Males
ğŸ¼,0.7471152177898248,Males
ğŸ³,0.7499730567298197,Females
ğŸ‘¼ğŸ¼,0.7518027863387451,Females
ğŸ™†ğŸ¼â€â™€ï¸,0.7521842034556983,Females
ğŸš©,0.7527147226344864,Females
ğŸ‘©ğŸ»â€ğŸ”¬,0.7541019318951017,Same
ğŸ’‡ğŸ¾,0.7541019318951017,Same
ğŸ™‡ğŸ¿â€â™‚ï¸,0.7541019318951017,Same
ğŸ§,0.7541019318951017,Same
â›¹ğŸ»â€â™€ï¸,0.7541019318951017,Same
â›¹ğŸ»â€â™‚ï¸,0.7541019318951017,Same
ğŸ‘‹ğŸ¿,0.7541019318951017,Same
ğŸš‰,0.7541019318951017,Same
ğŸ’‡ğŸ»,0.7541019318951017,Same
ğŸŒğŸ¾,0.7541019318951017,Same
ğŸ‘©ğŸ¿â€ğŸ’»,0.7541019318951017,Same
ğŸ§ğŸ»â€â™€ï¸,0.7541019318951017,Same
ğŸ‘©ğŸ¼â€ğŸ“,0.7541019318951017,Same
ğŸ‘¨ğŸ¾â€ğŸ“,0.7541019318951017,Same
ğŸ’ğŸ¿â€â™€ï¸,0.7541019318951017,Same
ğŸ‡±ğŸ‡º,0.7541019318951017,Same
ğŸ‘©ğŸ¿â€âš•ï¸,0.7541019318951017,Same
ğŸ‘·ğŸ»â€â™€ï¸,0.7541019318951017,Same
ğŸ‡¨ğŸ‡²,0.7541019318951017,Same
ğŸ’‚,0.7541019318951017,Same
ğŸš¯,0.7541019318951017,Same
ğŸ§˜ğŸ½â€â™‚ï¸,0.7541019318951017,Same
ğŸ¤´ğŸ¼,0.7541019318951017,Same
â„¹,0.7541019318951017,Same
ğŸ§œ,0.7541019318951017,Same
ğŸ‡¹ğŸ‡©,0.7541019318951017,Same
ğŸ•´ğŸ¾,0.7541019318951017,Same
ğŸš¸,0.7541019318951017,Same
ğŸŒğŸ¾â€â™€ï¸,0.7541019318951017,Same
ğŸ§”ğŸ½,0.7541019318951017,Same
ğŸ‹ğŸ½,0.7541019318951017,Same
ğŸ‘¨â€ğŸ«,0.7541019318951017,Same
ğŸ‘°ğŸ¾,0.7541019318951017,Same
ğŸ’‚ğŸ¾â€â™€ï¸,0.7541019318951017,Same
ğŸ‘µğŸ¾,0.7541019318951017,Same
ğŸ‡­ğŸ‡°,0.7541019318951017,Same
ğŸ‡®ğŸ‡±,0.7541019318951017,Same
ğŸ‡§ğŸ‡´,0.7541019318951017,Same
ğŸ›¤,0.7541019318951017,Same
ğŸ™‡ğŸ½,0.7541019318951017,Same
ğŸ‡±ğŸ‡°,0.7541019318951017,Same
ğŸ”£,0.7541019318951017,Same
ğŸ›,0.7541019318951017,Same
ğŸ´,0.7541019318951017,Same
ğŸ•¦,0.7541019318951017,Same
ğŸ™‹ğŸ¾,0.7541019318951017,Same
ğŸ¤±ğŸ¾,0.7541019318951017,Same
ğŸ‡§ğŸ‡¬,0.7541019318951017,Same
ğŸ‘©ğŸ½â€âš•ï¸,0.7541019318951017,Same
â—,0.7541019318951017,Same
ğŸšµâ€â™‚ï¸,0.7541019318951017,Same
ğŸ¤µğŸ½,0.7541019318951017,Same
ğŸ¤µğŸ¼,0.7541019318951017,Same
ğŸ‡²ğŸ‡²,0.7541019318951017,Same
ğŸ”³,0.7541019318951017,Same
ğŸš°,0.7541019318951017,Same
ğŸ§³,0.7541019318951017,Same
ğŸ§™â€â™‚ï¸,0.7541019318951017,Same
ğŸ‡ºğŸ‡¬,0.7541019318951017,Same
ğŸ‘·ğŸ»â€â™‚ï¸,0.7541019318951017,Same
ğŸ’‡ğŸ¾â€â™€ï¸,0.7541019318951017,Same
ğŸ¿,0.7541019318951017,Same
ğŸ’‡â€â™‚ï¸,0.7541019318951017,Same
ğŸ‘¨ğŸ¿â€âš•ï¸,0.7541019318951017,Same
ğŸ‡ºğŸ‡¾,0.754243323800142,Males
ğŸ–,0.7589715124567904,Same
ğŸ¤¦ğŸ½,0.7606941035689291,Females
ğŸŒ¬,0.7610234450139048,Females
ğŸ‘§,0.7615668918795077,Females
ğŸ—¡,0.7620027388642318,Males
ğŸ…±,0.7627478410815576,Males
ğŸ‘®ğŸ»â€â™€ï¸,0.7654664853031322,Females
ğŸ‘°ğŸ»,0.7685566204180203,Males
ğŸš¶ğŸ»â€â™€ï¸,0.7703690186476824,Females
ğŸ¨,0.7712194569806792,Females
â—¼,0.7789423230459754,Same
ğŸ‡µğŸ‡°,0.7789423230459754,Same
ğŸ‘´,0.7808964874351001,Males
ğŸ‡³ğŸ‡±,0.7819032563535512,Males
ğŸ‘¨ğŸ»â€ğŸ’»,0.7819032563535512,Males
ğŸ‹,0.7832954707998857,Males
ğŸ®,0.7866256830440157,Females
ğŸ˜‰,0.7878092271519469,Females
ğŸ™…ğŸ¾â€â™€ï¸,0.787963467273589,Females
â°,0.7916345867009859,Males
ğŸ”ˆ,0.7919217804907934,Same
ğŸ°,0.7930271060976521,Females
ğŸš‚,0.793101322129538,Males
ğŸ‘±â€â™€ï¸,0.7943001414310518,Males
ğŸ¤¦ğŸ»,0.7952832273764451,Females
ğŸº,0.7965279401613982,Males
ğŸ‹ï¸â€â™‚ï¸,0.7992986679431242,Females
ğŸ†,0.7997471680457494,Females
ğŸ™,0.8017423421482403,Males
ğŸŒ,0.8032633091700797,Females
ğŸ™‡ğŸ¼â€â™€ï¸,0.8075171192784806,Females
ğŸ‡¦ğŸ‡ª,0.8078634331170182,Same
ğŸ–,0.8095763970021732,Females
ğŸ¥©,0.8159427875456101,Males
ğŸ¦”,0.821372946594902,Same
ğŸš½,0.8227001581138835,Females
â›”,0.8229665391402667,Females
ğŸŒ¤,0.8261049662714114,Males
ã€½,0.8292033287568817,Females
ğŸ–¼,0.8300868340557829,Males
ğŸ’ˆ,0.8307984387854591,Same
ğŸ‡ºğŸ‡²,0.8307984387854591,Same
âœ³,0.8307984387854591,Same
ğŸ¦,0.8307984387854591,Same
â›±,0.8309246830423813,Males
ğŸ¥,0.8316146867989209,Females
ğŸ¤´,0.8318963546093477,Males
â›º,0.8337360910565195,Females
ğŸ¥,0.8343145962281573,Females
ğŸ¥”,0.8371555391808002,Males
â˜£,0.8422564764230129,Same
ğŸ‡²ğŸ‡¨,0.8422564764230129,Same
ğŸ¤²ğŸ¾,0.8422564764230129,Same
ğŸ‡µğŸ‡«,0.8422564764230129,Same
â—½,0.842256476423013,Same
ğŸŒ—,0.8443974710899629,Males
ğŸš,0.8451102180779217,Females
ğŸ«,0.8456565135702494,Females
ğŸ¶,0.8457006864731628,Females
ğŸ…,0.8474078267984118,Females
ğŸŠ,0.8481465185544643,Females
ğŸƒğŸ½,0.8529325484929158,Males
ğŸ‘‚ğŸ»,0.8529325484929158,Males
ğŸš´â€â™€ï¸,0.852990058927628,Females
ğŸ—,0.852990058927628,Females
ğŸ’°,0.8532991961448818,Females
ğŸ’ğŸ¼,0.8566343141487069,Females
ğŸ‡¹ğŸ‡³,0.8567666493164787,Males
ğŸ‘§ğŸ½,0.8610236115698577,Females
ğŸ’‡ğŸ¼â€â™€ï¸,0.8610236115698577,Females
ğŸ´ó §ó ¢ó ³ó £ó ´ó ¿,0.8639580222158243,Same
â—¾,0.8639580222158243,Same
ğŸ’¿,0.8647250397804958,Females
ğŸ‘©â€ğŸ’»,0.8675406063694004,Males
ğŸ‘¨â€ğŸ‘©â€ğŸ‘§â€ğŸ‘¦,0.8675406063694004,Males
ğŸ‘µğŸ»,0.8675406063694004,Males
ğŸ–•ğŸ¼,0.8678298166246444,Females
ğŸ‡®ğŸ‡¨,0.8683904749745541,Same
â¯,0.8683904749745541,Same
ğŸ§›ğŸ¼â€â™€ï¸,0.8683904749745541,Same
ğŸˆ¹,0.8683904749745541,Same
ğŸŒğŸ¾â€â™‚ï¸,0.8683904749745541,Same
ğŸ‘©ğŸ»â€ğŸ¤,0.8683904749745541,Same
ğŸ‘³ğŸ»,0.8683904749745541,Same
ğŸ§™ğŸ¼â€â™‚ï¸,0.8683904749745541,Same
ğŸ™…ğŸ¼â€â™‚ï¸,0.8683904749745541,Same
ğŸ‡°ğŸ‡¿,0.8683904749745541,Same
ğŸ‡²ğŸ‡±,0.8683904749745541,Same
ğŸ•µğŸ»,0.8683904749745541,Same
ğŸ‡¨ğŸ‡®,0.8683904749745541,Same
ğŸ§—ğŸ»â€â™€ï¸,0.8683904749745541,Same
ğŸ‘±ğŸ¼â€â™‚ï¸,0.8683904749745541,Same
ğŸ§–ğŸ¾â€â™‚ï¸,0.8683904749745541,Same
ğŸ§»,0.8683904749745541,Same
ğŸ„ğŸ¾,0.8683904749745541,Same
ğŸ¤¶ğŸ¾,0.8683904749745541,Same
ğŸ‡ªğŸ‡·,0.8683904749745541,Same
ğŸ‹ğŸ¾â€â™‚ï¸,0.8683904749745541,Same
ğŸš¾,0.8683904749745541,Same
â®,0.8683904749745541,Same
ğŸ‡ºğŸ‡¿,0.8683904749745541,Same
ğŸ’‚ğŸ»â€â™‚ï¸,0.8683904749745541,Same
ğŸ’‚ğŸ»â€â™€ï¸,0.8683904749745541,Same
ğŸ‘©â€ğŸ‘©â€ğŸ‘§â€ğŸ‘§,0.8683904749745541,Same
ğŸ‘†ğŸ½,0.8683904749745541,Same
ğŸ›€ğŸ½,0.8683904749745541,Same
ğŸ¤¹ğŸ»â€â™‚ï¸,0.8683904749745541,Same
ğŸ‡°ğŸ‡­,0.8683904749745541,Same
ğŸ‘¨ğŸ¾â€âš•ï¸,0.8683904749745541,Same
ğŸ‘±ğŸ¼â€â™€ï¸,0.8683904749745541,Same
ğŸ¤²ğŸ¿,0.8683904749745541,Same
ğŸ§–ğŸ½â€â™€ï¸,0.8683904749745541,Same
ğŸ¦´,0.8683904749745541,Same
ğŸ‘©ğŸ¿â€ğŸ“,0.8683904749745541,Same
ğŸ‘©ğŸ¼â€ğŸ’»,0.8683904749745541,Same
ğŸ,0.8683904749745541,Same
ğŸ¥¶,0.8683904749745541,Same
ğŸš±,0.8683904749745541,Same
ğŸ‘²ğŸ»,0.8683904749745541,Same
ğŸ‡ºğŸ‡¦,0.8683904749745541,Same
ğŸ‘¨ğŸ¿â€âš–ï¸,0.8683904749745541,Same
ğŸ‡»ğŸ‡®,0.8683904749745541,Same
ğŸ‘©â€âš–ï¸,0.8683904749745541,Same
ğŸ‘³ğŸ½â€â™‚ï¸,0.8683904749745541,Same
ğŸ‘¨â€ğŸ‘¨â€ğŸ‘¦,0.8683904749745541,Same
ğŸ•œ,0.8683904749745541,Same
ğŸ´â€â˜ ï¸,0.8683904749745541,Same
ğŸ§—â€â™€ï¸,0.8683904749745541,Same
ğŸ¤¶ğŸ¿,0.8683904749745541,Same
ğŸ‘¨â€ğŸ‘©â€ğŸ‘¦â€ğŸ‘¦,0.8683904749745541,Same
ğŸ¤¸ğŸ¼,0.8683904749745541,Same
ğŸ‘‚ğŸ½,0.8683904749745541,Same
ğŸ§±,0.8683904749745541,Same
ğŸ§—ğŸ½,0.8683904749745541,Same
ğŸ…ğŸ½,0.8683904749745541,Same
ğŸ™ğŸ»â€â™‚ï¸,0.8683904749745541,Same
ğŸšµğŸ¼â€â™€ï¸,0.8683904749745541,Same
ğŸ‡°ğŸ‡µ,0.8683904749745541,Same
ğŸ¦¹ğŸ½â€â™‚ï¸,0.8683904749745541,Same
â›¹ï¸â€â™‚ï¸,0.8683904749745541,Same
ğŸ‘¦ğŸ½,0.8683904749745541,Same
ğŸ¦·,0.8683904749745541,Same
ğŸ™…ğŸ¼,0.8683904749745541,Same
ğŸ–±,0.8683904749745541,Same
ğŸ•¡,0.8683904749745541,Same
ğŸ§˜ğŸ»â€â™‚ï¸,0.8683904749745541,Same
ğŸ‘¨ğŸ¾â€âš–ï¸,0.8683904749745541,Same
ğŸ‡§ğŸ‡¸,0.8683904749745541,Same
ğŸ¦¸â€â™‚ï¸,0.8683904749745541,Same
ğŸ‘·ğŸ½â€â™‚ï¸,0.8683904749745541,Same
ğŸ§™ğŸ¼â€â™€ï¸,0.8683904749745541,Same
âš—,0.8683904749745541,Same
ğŸ‘¨ğŸ¼â€ğŸ³,0.8683904749745541,Same
ğŸ‘©ğŸ¾â€âœˆï¸,0.8683904749745541,Same
ğŸ‘©ğŸ½,0.8683904749745541,Same
ğŸ‘¨ğŸ»â€ğŸ”§,0.8683904749745541,Same
ğŸ‘©ğŸ»â€ğŸ­,0.8683904749745541,Same
ğŸ‘¨ğŸ»â€ğŸ­,0.8683904749745541,Same
ğŸ§°,0.8683904749745541,Same
ğŸ•,0.8683904749745541,Same
ğŸ™…ğŸ¾,0.8683904749745541,Same
ğŸ„ğŸ½,0.8683904749745541,Same
ğŸš£â€â™‚ï¸,0.8683904749745541,Same
ğŸ‘¨â€ğŸ‘¦â€ğŸ‘¦,0.8683904749745541,Same
ğŸ‘©ğŸ¼â€ğŸ¤,0.8683904749745541,Same
ğŸ¤´ğŸ¿,0.8683904749745541,Same
ğŸ‘·ğŸ¼â€â™‚ï¸,0.8683904749745541,Same
ğŸ¦˜,0.8683904749745541,Same
ğŸš¥,0.8683904749745541,Same
ğŸšˆ,0.8683904749745541,Same
ğŸ‡¸ğŸ‡¾,0.8683904749745541,Same
ğŸ§›ğŸ¿â€â™€ï¸,0.8683904749745541,Same
ğŸ‘³ğŸ¾,0.8683904749745541,Same
ğŸ›…,0.8683904749745541,Same
ğŸš´ğŸ»,0.8683904749745541,Same
ğŸ‘·ğŸ¾,0.8683904749745541,Same
ğŸ§¯,0.8683904749745541,Same
ğŸŠğŸ½â€â™€ï¸,0.8683904749745541,Same
ğŸš·,0.8683904749745541,Same
ğŸ‘®ğŸ¾â€â™€ï¸,0.8683904749745541,Same
ğŸ‘®ğŸ¾â€â™‚ï¸,0.8683904749745541,Same
â›¹ğŸ½â€â™€ï¸,0.8683904749745541,Same
ğŸ‹ğŸ¼,0.8683904749745541,Same
ğŸ™‡ğŸ¿â€â™€ï¸,0.8683904749745541,Same
ğŸ‘³ğŸ½,0.8683904749745541,Same
ğŸ¦,0.8683904749745541,Same
ğŸ›„,0.8683904749745541,Same
ğŸ§—ğŸ¼â€â™‚ï¸,0.8683904749745541,Same
ğŸ§—,0.8683904749745541,Same
ğŸ‘·ğŸ¾â€â™‚ï¸,0.8683904749745541,Same
ğŸ§•,0.8683904749745541,Same
ğŸ§’ğŸ¾,0.8683904749745541,Same
ğŸ‘©ğŸ¼â€ğŸ«,0.8683904749745541,Same
ğŸ‘®ğŸ¿â€â™‚ï¸,0.8683904749745541,Same
ğŸ†‘,0.8683904749745541,Same
ğŸ‡¸ğŸ‡©,0.8683904749745541,Same
ğŸ‘¨ğŸ¼â€ğŸ’¼,0.8683904749745541,Same
ğŸ§š,0.8683904749745541,Same
ğŸ‡¨ğŸ‡©,0.8683904749745541,Same
ğŸ§¨,0.8683904749745541,Same
ğŸ¤½ğŸ»â€â™‚ï¸,0.8683904749745541,Same
ğŸ‹ğŸ¾â€â™€ï¸,0.8683904749745541,Same
ğŸ§–â€â™€ï¸,0.8683904749745541,Same
ğŸ§¸,0.8683904749745541,Same
ğŸ¤›ğŸ¾,0.8683904749745541,Same
ğŸ’‡ğŸ½â€â™‚ï¸,0.8683904749745541,Same
ğŸ™ğŸ¼,0.8683904749745541,Same
ğŸŠğŸ¼,0.8683904749745541,Same
ğŸŠğŸ¼â€â™€ï¸,0.8683904749745541,Same
ğŸ‘¨ğŸ»â€âš–ï¸,0.8683904749745541,Same
ğŸ‘¨â€ğŸ‘¨â€ğŸ‘§,0.8683904749745541,Same
ğŸ¤,0.8683904749745541,Same
ğŸ—œ,0.8683904749745541,Same
ğŸ§œâ€â™‚ï¸,0.8683904749745541,Same
ğŸš£ğŸ»â€â™€ï¸,0.8683904749745541,Same
ğŸ…ğŸ¼,0.8683904749745541,Same
ğŸš³,0.8683904749745541,Same
ğŸš,0.8683904749745541,Same
ğŸ‘¨ğŸ¼â€ğŸ“,0.8683904749745541,Same
ğŸ––ğŸ¿,0.8683904749745541,Same
ğŸ‘¨ğŸ½â€ğŸ”¬,0.8683904749745541,Same
ğŸ§˜ğŸ»,0.8683904749745541,Same
ğŸ‘¨ğŸ¾â€ğŸš€,0.8683904749745541,Same
ğŸ“ª,0.8683904749745541,Same
ğŸ‘©ğŸ»â€âš–ï¸,0.8683904749745541,Same
ğŸ›·,0.8683904749745541,Same
ğŸšµâ€â™€ï¸,0.8683904749745541,Same
ğŸšµğŸ»â€â™€ï¸,0.8683904749745541,Same
ğŸ‡¬ğŸ‡µ,0.8683904749745541,Same
ğŸ‘©ğŸ¿â€ğŸŒ¾,0.8683904749745541,Same
ğŸ§ğŸ½â€â™€ï¸,0.8683904749745541,Same
ğŸš£ğŸ»â€â™‚ï¸,0.8683904749745541,Same
ğŸ‡ğŸ¿,0.8683904749745541,Same
ğŸ§–ğŸ¿â€â™€ï¸,0.8683904749745541,Same
ğŸ§º,0.8683904749745541,Same
ğŸ§›ğŸ½â€â™‚ï¸,0.8683904749745541,Same
ğŸ§šğŸ¼â€â™‚ï¸,0.8683904749745541,Same
ğŸš ,0.8683904749745541,Same
ğŸ•´ğŸ½,0.8683904749745541,Same
ğŸ“¤,0.8683904749745541,Same
ğŸ§–â€â™‚ï¸,0.8683904749745541,Same
ğŸ‘©ğŸ¼â€âš•ï¸,0.8683904749745541,Same
ğŸš¶ğŸ¼â€â™‚ï¸,0.8683904749745541,Same
ğŸ‘©ğŸ½â€ğŸ«,0.8683904749745541,Same
ğŸ‡¿ğŸ‡¼,0.8683904749745541,Same
ğŸ•´ğŸ»,0.8683904749745541,Same
ğŸ¤¹â€â™‚ï¸,0.8683904749745541,Same
ğŸ‘¨â€ğŸ‘¨â€ğŸ‘§â€ğŸ‘§,0.8683904749745541,Same
ğŸš´ğŸ¾â€â™€ï¸,0.8683904749745541,Same
ğŸ§ª,0.8683904749745541,Same
ğŸ™ğŸ»,0.8683904749745541,Same
ğŸ”¯,0.8683904749745541,Same
ğŸ‘¸ğŸ¿,0.8683904749745541,Same
ğŸ”²,0.8683904749745541,Same
ğŸŠğŸ¾â€â™‚ï¸,0.8683904749745541,Same
ğŸ‡ğŸ»,0.8683904749745541,Same
ğŸ‡¨ğŸ‡¾,0.8683904749745541,Same
ğŸ§Ÿ,0.8683904749745541,Same
ğŸ‡¬ğŸ‡®,0.8683904749745541,Same
ğŸƒğŸ¿â€â™€ï¸,0.8683904749745541,Same
ğŸ‘¨ğŸ»â€âœˆï¸,0.8683904749745541,Same
ğŸ¤¸ğŸ½â€â™‚ï¸,0.8683904749745541,Same
ğŸ¥¿,0.8683904749745541,Same
ğŸš´ğŸ¼â€â™‚ï¸,0.8683904749745541,Same
ğŸŠğŸ¿â€â™€ï¸,0.8683904749745541,Same
ğŸ™‹ğŸ¼â€â™€ï¸,0.8685369609591314,Females
ğŸ™‹ğŸ¼â€â™‚ï¸,0.8700512545272602,Males
ğŸ•Œ,0.8700512545272602,Males
ğŸ•µğŸ»â€â™€ï¸,0.8715009922305089,Males
â,0.8758079098096415,Females
â™,0.8775378630021128,Males
ğŸ§šâ€â™‚ï¸,0.8775564582888999,Females
ğŸ‡®ğŸ‡ª,0.8825381424530547,Males
ğŸ‘ğŸ½,0.8832447306342285,Females
ğŸ²,0.8850456037886475,Females
ğŸŸ,0.8856083228864184,Females
ğŸ–•,0.8856341659300045,Males
ğŸ™…ğŸ»,0.8858487075782064,Females
ğŸ›,0.8859240995536166,Females
ğŸŒ,0.8879909192089311,Females
ğŸŒ’,0.8879909192089311,Females
ğŸª,0.8882598404326216,Females
ğŸ““,0.8891893858125576,Females
ğŸ“,0.8894813748499498,Males
ğŸ‰‘,0.8896583113983199,Same
ğŸ§’ğŸ»,0.8896583113983199,Same
ğŸ‡¸ğŸ‡°,0.8896583113983199,Same
ğŸ“ ,0.8896583113983199,Same
ğŸ‘±ğŸ»â€â™€ï¸,0.8896583113983199,Same
ğŸ‡¨ğŸ‡¿,0.8896583113983199,Same
ğŸ‘¤,0.8896844448197302,Females
ğŸ™‹ğŸ»â€â™‚ï¸,0.8933595961130779,Males
ğŸ¦–,0.8936454183759822,Females
ğŸŒï¸â€â™‚ï¸,0.8948354092246428,Females
ğŸ‘©â€ğŸ“,0.8948354092246428,Females
ğŸš¶â€â™€ï¸,0.8950062079447619,Females
ğŸ†˜,0.896396230192119,Females
ğŸ›¬,0.8998916212768951,Females
ğŸ”„,0.9005165652969531,Females
ğŸ’,0.9018257158267273,Males
ğŸš,0.9021780101369221,Males
ğŸ‘¶ğŸ¼,0.9021780101369221,Males
ğŸ§™â€â™€ï¸,0.9021780101369221,Males
ğŸš’,0.904263028075986,Same
ğŸ¢,0.9063579221299924,Females
ğŸ¼,0.9076577826073452,Males
â–,0.9077993418829354,Same
ğŸ…,0.9091902969441599,Females
ğŸ›«,0.9096113526078264,Males
ğŸ¤°ğŸ»,0.9106478527478786,Females
ğŸ‘‡ğŸ¼,0.9113209015297719,Females
ğŸ¤ ,0.9120019158966605,Females
ğŸ¤Ÿ,0.9130059342398467,Females
ğŸ™†ğŸ»â€â™‚ï¸,0.9140956210481901,Males
ğŸ—,0.9142608815142931,Males
âœ´,0.914430374685649,Males
ğŸ‘‚,0.9166512836798374,Females
ğŸŒ,0.9173116023537,Males
ğŸ™†ğŸ¾â€â™€ï¸,0.9177420630910763,Females
2ï¸âƒ£,0.9181446525095769,Females
ğŸ¤™ğŸ½,0.9182483999317738,Males
ğŸ©,0.9199393009373961,Females
â™ ,0.9204036058985827,Males
â³,0.9211760921671285,Males
ğŸ’ƒğŸ¼,0.9218355581767479,Females
ğŸ‡©ğŸ‡¿,0.9219290981305297,Same
7ï¸âƒ£,0.9248917473629439,Males
ğŸ‡©ğŸ‡´,0.9255077824867042,Same
â›°,0.9258926009388055,Males
ğŸš,0.9266943821659575,Males
ğŸ¥¦,0.9267869807568724,Males
ğŸŒ¨,0.9273422594310181,Females
ğŸ’,0.9276282551453329,Same
ğŸŒ‘,0.9281123399194106,Males
ğŸ·,0.9289468678237957,Females
ğŸ‘”,0.9297517169880452,Males
ğŸ‡µğŸ‡¹,0.9297646679849632,Males
ğŸ•¯,0.9299493344032255,Males
ğŸ“¯,0.9320821697476568,Same
ğŸ„ğŸ»â€â™€ï¸,0.9320821697476568,Same
ğŸ‘¨ğŸ½â€âš•ï¸,0.9320821697476568,Same
ğŸ‘ƒğŸ½,0.9320821697476568,Same
ğŸ‡§ğŸ‡­,0.9320821697476568,Same
ğŸ„ğŸ»,0.9320821697476568,Same
ğŸ‡±ğŸ‡¾,0.9320821697476568,Same
ğŸŒğŸ½â€â™‚ï¸,0.9320821697476568,Same
ğŸ‘‡ğŸ¿,0.9322565863846374,Males
â˜ƒ,0.9354781753761321,Females
ğŸ‘¢,0.9402952588525297,Males
ğŸ‘¨ğŸ»,0.9432693183011797,Females
ğŸ•‘,0.9450100595428529,Same
â›´,0.94525931943063,Males
ğŸ‘©ğŸ¼,0.9456320367541836,Same
ğŸš¼,0.9456320367541836,Same
ğŸ™†ğŸ»,0.9461061814963745,Females
ğŸ£,0.9473069105896705,Females
ğŸ‘¸ğŸ½,0.9475444425616295,Females
ğŸ¢,0.9484185979689578,Females
ğŸ”‚,0.9499308318942342,Males
ğŸ§˜â€â™€ï¸,0.9508700716288893,Males
ğŸ™‹ğŸ»,0.9518419493010646,Females
ğŸ¦•,0.9555486703609943,Males
ğŸš›,0.9564007334735987,Males
ğŸ,0.9567774263082162,Females
â–ª,0.9574568743794926,Females
â¬œ,0.9578054708572837,Males
ğŸ‘¦ğŸ»,0.9578285036540044,Females
ğŸ‘¬,0.9586875675241207,Females
ğŸ±,0.9593272408489717,Males
ğŸ‘µ,0.9614571890826504,Females
ğŸ¹,0.9620280314339209,Females
ğŸ—¨,0.9638655051679306,Females
ğŸ—,0.9650440788234675,Females
ğŸˆ²,0.9651772263040723,Same
ğŸ¤¸ğŸ»â€â™‚ï¸,0.9651772263040723,Same
ğŸ¥,0.9666191578904937,Females
ğŸ‘¦ğŸ¿,0.9669304097714707,Same
ğŸ•,0.9669304097714707,Same
âš•,0.9669304097714707,Same
ğŸ¥Œ,0.9669304097714707,Same
ğŸº,0.9669304097714707,Same
ğŸŠğŸ¾â€â™€ï¸,0.9669304097714707,Same
ğŸ¤³ğŸ¾,0.9669304097714707,Same
ğŸ§œğŸ½â€â™€ï¸,0.9669304097714707,Same
ğŸ§™ğŸ»â€â™€ï¸,0.9669304097714707,Same
ğŸ‡¦ğŸ‡¿,0.9669304097714707,Same
ğŸ’¾,0.9669304097714707,Same
ğŸ’†ğŸ¾â€â™‚ï¸,0.9669304097714707,Same
ğŸ™ğŸ¾â€â™‚ï¸,0.9669304097714707,Same
ğŸš´ğŸ¼â€â™€ï¸,0.9669304097714707,Same
ğŸ¦¶,0.9669304097714707,Same
ğŸ¥¬,0.9669304097714707,Same
â¿,0.9669304097714707,Same
â—»,0.9669304097714707,Same
ğŸ‘¦,0.9675540262792401,Females
âœŠğŸ¿,0.9697420946125672,Males
ğŸš«,0.9707015908974546,Males
ğŸ¡,0.9719562843973991,Females
ğŸ‘®â€â™‚ï¸,0.9748085050780977,Males
â†–,0.9748180334866908,Males
ğŸ‹ï¸â€â™€ï¸,0.9748180334866908,Males
ğŸ¥¨,0.9748180334866908,Males
ğŸ’ƒğŸ¿,0.976333270314337,Females
â›,0.9764050361724745,Females
âš–,0.9783466925385772,Females
ğŸ¤,0.9794531724121855,Females
ğŸ§šğŸ¾â€â™‚ï¸,0.9802503374278233,Same
ğŸš­,0.9802503374278233,Same
ğŸ‘±ğŸ»,0.9817508151629302,Same
ğŸ‘ğŸ¾,0.9823951383310616,Females
ğŸ‚,0.9835352706777757,Females
ğŸ‡®ğŸ‡¸,0.9844339606589795,Males
6ï¸âƒ£,0.9845977748924164,Males
ğŸ‘·â€â™‚ï¸,0.9846451796210806,Males
ğŸ¸,0.9850838820050145,Males
ğŸ¤,0.9870093762309956,Females
ğŸ’¶,0.9871175974047698,Males
ğŸ¤ŸğŸ¿,0.9875688570512484,Males
ğŸŠâ€â™€ï¸,0.9875688570512484,Males
ğŸ’º,0.9889413950483049,Males
ğŸ©,0.9904591307240019,Females
ğŸ¸,0.9906561775296225,Males
ğŸ¤²ğŸ½,0.9907631348224648,Same
ğŸ§”,0.9933313681939363,Males
ğŸ”«,0.9939904051755521,Males
â˜ğŸ½,0.9941930342340464,Males
ğŸ’Œ,0.9945807643494405,Females
ğŸ’´,0.995218792172666,Females
ğŸ•³,0.9957298168889835,Males
ğŸ¥˜,0.9957298168889835,Males
ğŸ”‹,0.9958839054079947,Females
ğŸŸ,0.9959213013052176,Females
ğŸ¦,0.9961370764600784,Males
ğŸ¥“,0.9963135911512021,Males
ğŸ‘Ÿ,0.9964986135808701,Males
â™¿,0.9969543466174627,Females
ğŸƒğŸ¿,0.9972954057548751,Same
ğŸ¤¸ğŸ¾â€â™‚ï¸,0.9972954057548751,Same
