Emoji,P-value,ethnicity
â©,0.0,asian
â—€,0.0,asian
ğŸ˜†,0.0,asian
ğŸ’—,0.0,asian
âœ¨,0.0,asian
ğŸ’•,1.3198081417168051e-280,asian
ğŸ’œ,1.410168900866295e-272,asian
â“,1.4061507564032376e-264,asian
ğŸ¦Š,4.497479452951143e-171,asian
ğŸ˜­,2.85103181227279e-169,asian
â™»,3.8271704557128835e-166,not asian
ğŸ½,2.3908862064449885e-147,asian
â—,3.736615096609888e-142,asian
â˜º,1.809634224864007e-128,asian
â™‚,2.6404454254705354e-124,asian
Â©,2.0184963985955713e-121,asian
â¤,2.0290456150699392e-109,asian
ğŸ€,6.079146428168753e-73,asian
ğŸµ,1.2593161821305509e-72,asian
ğŸ¹,1.0083826029637869e-71,asian
ğŸ˜,8.401409596255111e-68,asian
ğŸŒŸ,5.971249388466355e-65,asian
ğŸ’“,8.580492846009984e-64,asian
ğŸ¥¡,1.0251430500563448e-53,asian
ğŸ˜,6.41894487159374e-48,asian
ğŸ™‡â€â™€ï¸,3.6886381531106837e-44,asian
ğŸ’„,8.264444217275507e-40,asian
ğŸ’š,6.01472154851948e-39,asian
ğŸ¤,3.255997004928232e-38,asian
â™¥,5.464809311442767e-34,asian
ğŸ™‡ğŸ»â€â™€ï¸,1.0518923888055145e-33,asian
ğŸ˜‚,3.346358783777907e-33,not asian
ğŸ»,1.5094101658254916e-31,asian
ğŸ™‡,3.946496156913081e-30,asian
ğŸ¯,2.4926439208667082e-28,asian
ğŸ’¦,2.926098966650433e-28,asian
ğŸ‘º,5.985697320539872e-26,asian
â˜,3.2914567961713543e-25,asian
ğŸ˜–,2.549358398252105e-23,asian
ğŸ‘¶ğŸ»,2.7716629388396964e-23,asian
âœŒğŸ»,4.159576908634688e-23,asian
ğŸš¶ğŸ»,9.252725399233143e-23,asian
ğŸ‘„,1.594773780438008e-22,asian
â™€,1.862621607098306e-22,asian
ğŸ¤ŸğŸ»,5.438036143719972e-22,asian
ğŸ˜³,1.5241415513109014e-21,asian
ğŸ˜š,7.92078669235164e-21,asian
ğŸ‡µğŸ‡­,1.3207466276531267e-20,asian
ğŸŒ¹,3.807092500437473e-20,not asian
ğŸ°,1.4606253029018135e-19,asian
â¡,1.4497621974815018e-18,not asian
ğŸ•°,2.0596499408443454e-18,not asian
ğŸ‘ğŸ»,2.935699727847568e-18,asian
ğŸ‡²ğŸ‡´,4.454776164778996e-18,asian
ğŸ–¥,5.908586042020299e-18,not asian
ğŸ™†â€â™€ï¸,1.0434567828688629e-17,asian
ğŸ’¡,3.0549467459734353e-17,asian
ğŸ¤£,1.0353141197253854e-16,not asian
â€¼,5.302522506799732e-16,asian
ğŸ®,6.121630572361998e-16,not asian
ğŸ¥’,1.418559219037607e-15,asian
ğŸ“,1.839153397554281e-15,not asian
ğŸ’”,3.616196305159011e-15,not asian
ğŸš–,3.8657743241000625e-15,not asian
ğŸ’›,7.784640140891583e-15,asian
ğŸ˜¶,1.153915507169743e-14,asian
ğŸŒ†,3.141319689633812e-14,not asian
ğŸ˜‰,3.9066232123304154e-14,not asian
ğŸ™…ğŸ¿â€â™€ï¸,5.335541462211844e-14,asian
ğŸ˜Š,5.710630430166904e-14,asian
ğŸ˜,5.924720979335049e-14,not asian
ğŸ¥—,8.734268516134537e-14,asian
ğŸ‘‰,2.351307322257818e-13,not asian
ğŸ™‹ğŸ¿,5.948918914484679e-13,asian
â­,9.062449135392338e-13,asian
ğŸ¤ŸğŸ¼,1.374543317286695e-12,asian
ğŸ’,1.7721869194345899e-12,not asian
ğŸŒ ,3.938835108715497e-12,asian
ğŸ¥€,7.002159880779103e-12,asian
ğŸ¤Ÿ,7.625930325221391e-12,asian
ğŸ¤§,8.993024762307495e-12,asian
ğŸ’,1.2182741975357335e-11,asian
âœŠğŸ»,2.1622098477669902e-11,asian
ğŸ˜‘,2.1804231593538147e-11,asian
ğŸ‡ºğŸ‡¸,5.948266779640848e-11,not asian
ğŸ¥,5.259553584708909e-10,asian
ğŸ’†â€â™€ï¸,5.890608286889067e-10,asian
ğŸ™„,7.440010321372393e-10,not asian
ğŸ’¯,8.86312174090893e-10,not asian
â–¶,1.2004661678923957e-09,not asian
ğŸ’­,2.0779776295824002e-09,asian
ğŸ•º,3.964864162400278e-09,asian
ğŸ™Œ,6.334397209122605e-09,not asian
ğŸ­,6.547634888286149e-09,asian
ğŸ,8.77820929875529e-09,asian
ğŸ¤¦ğŸ¿â€â™€ï¸,1.0303908075045478e-08,asian
ğŸ”´,1.4224614227626436e-08,not asian
âš«,1.822858130609892e-08,not asian
ğŸ’–,2.2122414448906605e-08,asian
ğŸ˜,4.585967106354861e-08,not asian
ğŸ”µ,5.017840941374298e-08,not asian
ğŸ’§,5.230390909432321e-08,asian
â£,6.422122994681314e-08,asian
ğŸ˜¼,6.609627588350896e-08,asian
ğŸŒˆ,1.351685730497526e-07,asian
ğŸ˜“,2.945640736781514e-07,asian
ğŸ˜®,3.049257777340523e-07,asian
ğŸ™‹ğŸ»â€â™€ï¸,3.1280966808356967e-07,asian
ğŸ˜¢,4.698488518188857e-07,asian
ğŸ¶,5.299511869225061e-07,asian
ğŸ˜¸,5.325432389241301e-07,asian
ğŸŒ,9.382535973525395e-07,asian
ğŸ˜’,9.699526979308238e-07,not asian
â›…,1.1910438842327236e-06,asian
ğŸ¨,1.4487151583926327e-06,not asian
ğŸ˜,1.4970154942207113e-06,asian
ğŸœ,2.03424193593319e-06,asian
ğŸŒ±,2.1362494493763597e-06,asian
ğŸ™,2.2738641526997034e-06,asian
â¬,2.4905989326299616e-06,not asian
ğŸ˜±,2.652135368609474e-06,not asian
ğŸ˜”,3.067095549179315e-06,asian
â¤´,3.3145903053117575e-06,asian
ğŸ˜¿,3.4690152494421113e-06,asian
ğŸ‘¯â€â™€ï¸,3.6348202978264773e-06,asian
ğŸŒ»,4.398311437891334e-06,asian
ğŸ™â€â™€ï¸,4.53262094041162e-06,asian
ğŸ¤®,4.548096005081918e-06,asian
âš½,5.069672952860576e-06,not asian
ğŸ†’,5.25017087712264e-06,not asian
ğŸˆ,5.816181075625563e-06,asian
ğŸ‘»,7.03053499652064e-06,asian
ğŸ‘©,8.284532673802854e-06,asian
ğŸ’…,9.567008601782996e-06,asian
ğŸ‘½,1.3970356282577508e-05,asian
â˜€,1.4195352898699101e-05,asian
ğŸ’ª,1.5880005013919635e-05,asian
ğŸ¤¦ğŸ½â€â™€ï¸,1.6018850634350553e-05,not asian
ğŸ˜,1.8290185415846572e-05,not asian
ğŸ’â€â™€ï¸,1.8781586247653936e-05,asian
ğŸ‰,1.9031674757707646e-05,asian
ğŸ“®,1.932205627454029e-05,not asian
ğŸ‘ˆğŸ»,2.229658863714691e-05,asian
ğŸ™‚,2.293151717772703e-05,not asian
ğŸ¤šğŸ»,2.3768937031393853e-05,asian
ğŸ§¡,2.5825048155271038e-05,asian
ğŸ˜€,2.9651290636609425e-05,not asian
ğŸ§‘,3.625068403908128e-05,asian
ğŸ”¥,3.674728865765562e-05,not asian
ğŸ…±,4.1245298860982066e-05,asian
â˜,4.345987284638303e-05,asian
ğŸ’¨,4.520710104712448e-05,asian
ğŸ ,5.010348488597325e-05,asian
âœŠ,5.1643869135224565e-05,asian
ğŸ“™,5.491430730028751e-05,asian
ğŸ¥›,6.108974893048842e-05,asian
ğŸŠ,6.201846235701348e-05,asian
ğŸ›,6.617293018986032e-05,asian
ğŸ¼,6.828760350119851e-05,asian
ğŸ˜´,7.166120581366929e-05,not asian
ğŸ§,7.361442723216653e-05,asian
ğŸ¤·ğŸ½â€â™€ï¸,7.42174368341707e-05,not asian
âœ…,7.552319916775125e-05,not asian
ğŸ‘¨â€âš•ï¸,7.764333253313779e-05,asian
ğŸ™‹ğŸ¿â€â™€ï¸,7.764333253313779e-05,asian
ğŸ™ğŸ»â€â™‚ï¸,8.189273216616816e-05,asian
ğŸ›¢,8.189273216616816e-05,asian
ğŸ‘‡,8.589436090567778e-05,not asian
ğŸ¶,8.955087242307903e-05,asian
ğŸ‘¯,0.00010009643471455478,asian
ğŸ˜µ,0.00012048345311872233,asian
ğŸ¤“,0.0001338395436397548,asian
ğŸ,0.00014901687436880953,asian
ğŸ‘µğŸ¼,0.0001648760414143623,asian
ğŸ¯,0.00016966778115816173,asian
ğŸ¡,0.00018365516731927087,asian
â†˜,0.00018858677631139828,asian
ğŸ™,0.00021726418056329289,asian
ğŸ¤¸ğŸ»â€â™€ï¸,0.0002310830553308485,asian
ğŸµ,0.00026861365533217764,asian
ğŸ¤›,0.00027695938141535916,not asian
ğŸ™†ğŸ»â€â™€ï¸,0.0002801054438692864,asian
ğŸ™‡ğŸ»â€â™‚ï¸,0.0002867529606986245,asian
ğŸ‘ğŸ¼,0.0003119526363759303,not asian
ğŸ‘®â€â™€ï¸,0.00031927999546399195,asian
ğŸ‹,0.00032067703107807637,asian
ğŸ™‹â€â™‚ï¸,0.00033518673885903836,asian
ğŸ––,0.0003575248210575635,asian
ğŸ—£,0.0003621708180965583,not asian
ğŸ‘¨â€ğŸ¨,0.0003826306701707824,asian
ğŸ’¬,0.00038846205344656646,asian
ğŸš—,0.0004088727710578923,asian
ğŸ‘¶,0.0004810576880826473,asian
ğŸ‘‹ğŸ»,0.0004956049069335573,asian
ğŸ¦Œ,0.0005001538635012398,asian
â›©,0.0005228265052232815,asian
ğŸ’,0.000524365036076173,asian
ğŸ¤¬,0.0005957728951663704,not asian
ğŸ‘¼,0.0006168035130645481,asian
ğŸ™ğŸ½,0.0006247677954561564,not asian
â­•,0.000635486185958426,not asian
ğŸ¿,0.0006671064337214673,asian
â¬†,0.0006728069928051409,asian
ğŸ‡,0.0007114109572997669,not asian
ğŸ”¸,0.0007190566669228825,not asian
ğŸ”‰,0.0007377254710772325,asian
âœˆ,0.0007575654890928849,asian
ğŸ‘ŒğŸ»,0.0008033144636647267,not asian
ğŸ˜¯,0.0008133610713736211,not asian
ğŸ¥œ,0.0008307730259846977,asian
ğŸ™,0.0010443359235852948,not asian
ğŸ‘,0.001074360453187055,asian
ğŸ“¸,0.0011605283701502651,not asian
ğŸ’»,0.001241085615725455,not asian
ğŸ’©,0.001253561054427851,not asian
ğŸª,0.0012941233439902492,asian
ğŸ˜•,0.001332479897577117,not asian
ğŸ•Š,0.0014101523109317918,not asian
ğŸ’®,0.0014275884310011048,not asian
ğŸ˜§,0.0014603092086402547,asian
ğŸš˜,0.0014988520548648982,asian
ğŸ´,0.0015710481835605986,asian
Â®,0.0015814159224083327,not asian
ğŸ˜—,0.001656152264330075,asian
ğŸ³ï¸â€ğŸŒˆ,0.001676278401929047,asian
ğŸ˜ˆ,0.0016924766612528908,not asian
ğŸ—¾,0.0016927940638759252,asian
ğŸ¡,0.001758514474951516,asian
ğŸ‘®,0.0018627766544878112,asian
ğŸŒ,0.0018710804766264486,not asian
ğŸŒŒ,0.002001246114969389,asian
ğŸ–¨,0.0020669808541693402,not asian
ğŸ˜°,0.0025499211549281755,asian
ğŸ¬,0.0026973503339695207,asian
ğŸ,0.002739276261817496,asian
ğŸŒ¸,0.0029776984086498856,asian
ğŸ˜˜,0.002986056114934332,asian
â˜‚,0.003033850532221952,asian
ğŸ‘©â€ğŸ¨,0.003071235986300769,asian
ğŸ¤·ğŸ»â€â™‚ï¸,0.0034549158236944714,not asian
ğŸ ,0.0034948999616642184,not asian
ğŸ«,0.003815141898761163,not asian
ğŸ¤¦ğŸ»â€â™‚ï¸,0.004218406192309419,not asian
ğŸ‘•,0.004370076948192067,not asian
ğŸ˜¬,0.0045095204454880175,not asian
ğŸ“·,0.004801644393489936,not asian
ğŸ¤·ğŸ¾â€â™€ï¸,0.004812891340731921,not asian
ğŸ¤¦ğŸ¾â€â™‚ï¸,0.004896972205514243,not asian
ğŸ˜£,0.005019575109319401,asian
ğŸŒº,0.0051260224481177565,not asian
âœŒğŸ½,0.005138358781935837,not asian
ğŸ¤·ğŸ¾â€â™‚ï¸,0.005345936216478323,not asian
ğŸ‘“,0.005455403172651231,asian
ğŸ”,0.005470814119329576,asian
ãŠ—,0.005522591554663042,asian
ğŸ‘š,0.0056541235038107965,not asian
ğŸ‘,0.005759417273624006,not asian
ğŸƒ,0.006173810460947057,not asian
ğŸ¤¯,0.00650424053662536,asian
ğŸ‘§ğŸ¼,0.006604501393371239,asian
ğŸ‘¨â€ğŸ’»,0.006604501393371239,asian
ğŸ¤¦ğŸ¾â€â™€ï¸,0.006740314000385097,not asian
ğŸ¤ª,0.007095353679435021,asian
ğŸ’€,0.007634005412174703,not asian
ğŸ§,0.008176969460731664,not asian
â˜‘,0.008448684888739122,not asian
ğŸ¥Ÿ,0.00852067644327633,asian
ğŸ¼,0.008606122780189266,asian
ğŸ’†ğŸ½â€â™€ï¸,0.008993450759860513,asian
ğŸ”—,0.009154797060759275,asian
ğŸ’‹,0.009331040569253202,not asian
âœ‹ğŸ¼,0.009585649668567257,asian
ğŸˆ,0.009603121019328156,not asian
ğŸ˜…,0.010517216645106844,asian
ğŸ•–,0.010936103299328707,asian
ğŸ‘©â€ğŸ³,0.010936103299328707,asian
ğŸš‡,0.010936103299328707,asian
ğŸ™ğŸ»,0.010975301484549227,asian
ğŸ™ŒğŸ¾,0.010990650171492429,not asian
â¤µ,0.011012779499512244,asian
ğŸ“,0.011076709194775266,not asian
ğŸ¢,0.011219147862664874,asian
ğŸ™ğŸ¾,0.011246757670080761,not asian
â¬‡,0.012163351203616985,not asian
ğŸ‘–,0.012185812055696243,not asian
ğŸ‡¬ğŸ‡§,0.012378945195778836,not asian
ğŸ¤¦ğŸ½â€â™‚ï¸,0.01246909659874436,not asian
ğŸ¡,0.014485641483895612,not asian
ğŸ”°,0.01498423035794521,asian
âŒ,0.01596323648156094,not asian
ğŸŒ,0.016519407130687315,not asian
ğŸ¥¤,0.01793534218357569,asian
ğŸ¥§,0.019088836956806722,asian
ğŸ‘ŒğŸ¼,0.01928717187146564,not asian
ğŸ™ŒğŸ¼,0.01952906109896621,not asian
âœŒğŸ¼,0.020232496699390017,not asian
ğŸ‘§ğŸ»,0.02038674424991702,asian
ğŸ’¥,0.020405100213504307,not asian
ğŸ“¢,0.02085896214436693,not asian
ğŸ‘Š,0.021317615773968096,not asian
ğŸ“¹,0.021563326955509672,not asian
ğŸ™ŒğŸ½,0.02194034600205291,not asian
ğŸ‡°ğŸ‡·,0.023809494014894975,asian
ğŸ­,0.024722958506225683,not asian
ğŸ¤•,0.02501399235514473,not asian
ğŸ¼,0.025402597940039573,not asian
ğŸ“,0.025793486374266622,asian
ğŸ”,0.025993828993175556,asian
ğŸ“±,0.02616066767213645,not asian
ğŸŒ™,0.026241895573423282,asian
ğŸ¤™,0.026624205550388042,asian
ğŸ™…â€â™€ï¸,0.02663396592887474,asian
ğŸ“½,0.02668653266655918,not asian
ğŸ™,0.02806315987094636,asian
ğŸ™Š,0.028353876338917155,not asian
ğŸ‘°,0.029425158134108682,asian
ğŸˆ,0.02996499423405542,asian
ğŸ’Ÿ,0.03058351339043384,asian
ğŸ‘Œ,0.031092838394487374,not asian
ğŸ·,0.03135692405496227,not asian
ğŸ¤¢,0.03177137604875478,not asian
ğŸ’,0.032381784130351435,asian
ğŸŒ€,0.03241172248665516,asian
ğŸš¨,0.03261169963203145,not asian
ğŸ˜,0.03288281347872548,not asian
ğŸ””,0.03507137020551415,asian
âœ”,0.035486871996606745,not asian
â±,0.03674139257512046,not asian
ğŸ‘¨,0.036852684094248134,asian
ğŸ™ŒğŸ»,0.037924252832038194,not asian
ğŸ’,0.038179314965343755,not asian
ğŸ‡®ğŸ‡¨,0.04030378247194696,not asian
â¯,0.04030378247194696,not asian
ğŸ‘¨ğŸ¼â€âš•ï¸,0.04030378247194696,not asian
ğŸ‘¨ğŸ¼,0.04030378247194696,not asian
ğŸ§›ğŸ¼â€â™€ï¸,0.04030378247194696,not asian
ğŸˆ¹,0.04030378247194696,not asian
ğŸŒğŸ¾â€â™‚ï¸,0.04030378247194696,not asian
ğŸ‘©ğŸ»â€ğŸ¤,0.04030378247194696,not asian
ğŸ‘³ğŸ»,0.04030378247194696,not asian
ğŸ§™ğŸ¼â€â™‚ï¸,0.04030378247194696,not asian
ğŸ™…ğŸ¼â€â™‚ï¸,0.04030378247194696,not asian
ğŸ‡°ğŸ‡¿,0.04030378247194696,not asian
ğŸ‡²ğŸ‡±,0.04030378247194696,not asian
âš±,0.04030378247194696,not asian
ğŸ•µğŸ»,0.04030378247194696,not asian
â«,0.04030378247194696,not asian
ğŸ‡¨ğŸ‡®,0.04030378247194696,not asian
ğŸ‘³ğŸ¿â€â™€ï¸,0.04030378247194696,not asian
ğŸ§—ğŸ»â€â™€ï¸,0.04030378247194696,not asian
ğŸ‘±ğŸ¼â€â™‚ï¸,0.04030378247194696,not asian
ğŸ§–ğŸ¾â€â™‚ï¸,0.04030378247194696,not asian
ğŸ¤¾ğŸ¼â€â™‚ï¸,0.04030378247194696,not asian
ğŸ§»,0.04030378247194696,not asian
ğŸ™ğŸ½â€â™€ï¸,0.04030378247194696,not asian
ğŸ„ğŸ¾,0.04030378247194696,not asian
ğŸ¤¶ğŸ¾,0.04030378247194696,not asian
ğŸ‡ªğŸ‡·,0.04030378247194696,not asian
ğŸ‹ğŸ¾â€â™‚ï¸,0.04030378247194696,not asian
ğŸš¾,0.04030378247194696,not asian
ğŸ’ğŸ¿â€â™‚ï¸,0.04030378247194696,not asian
â®,0.04030378247194696,not asian
ğŸ‡ºğŸ‡¿,0.04030378247194696,not asian
ğŸ¥®,0.04030378247194696,asian
ğŸ’‚ğŸ»â€â™‚ï¸,0.04030378247194696,not asian
ğŸ’‚ğŸ»â€â™€ï¸,0.04030378247194696,not asian
ğŸ‘©â€ğŸ‘©â€ğŸ‘§â€ğŸ‘§,0.04030378247194696,not asian
ğŸ¤µğŸ¿,0.04030378247194696,not asian
ğŸ‘†ğŸ½,0.04030378247194696,not asian
ğŸ›€ğŸ½,0.04030378247194696,not asian
ğŸ¤¹ğŸ»â€â™‚ï¸,0.04030378247194696,not asian
ğŸ‡°ğŸ‡­,0.04030378247194696,not asian
ğŸ‘¨ğŸ¾â€âš•ï¸,0.04030378247194696,not asian
ğŸ¤¸ğŸ¿,0.04030378247194696,not asian
ğŸ‘±ğŸ¼â€â™€ï¸,0.04030378247194696,not asian
ğŸ¤²ğŸ¿,0.04030378247194696,not asian
ğŸš´ğŸ½â€â™‚ï¸,0.04030378247194696,not asian
ğŸ§–ğŸ½â€â™€ï¸,0.04030378247194696,not asian
ğŸ¦´,0.04030378247194696,not asian
ğŸ‘©ğŸ¿â€ğŸ“,0.04030378247194696,not asian
ğŸ‘©ğŸ¼â€ğŸ’»,0.04030378247194696,not asian
ğŸ,0.04030378247194696,not asian
ğŸ‡¨ğŸ‡µ,0.04030378247194696,not asian
ğŸ¥¶,0.04030378247194696,not asian
ğŸš±,0.04030378247194696,not asian
ğŸ‘²ğŸ»,0.04030378247194696,not asian
ğŸ‡ºğŸ‡¦,0.04030378247194696,not asian
ğŸ‘¨ğŸ¿â€âš–ï¸,0.04030378247194696,not asian
ğŸ‡»ğŸ‡®,0.04030378247194696,not asian
ğŸ’ğŸ¿,0.04030378247194696,not asian
ğŸ‘©â€âš–ï¸,0.04030378247194696,not asian
ğŸ‘³ğŸ½â€â™‚ï¸,0.04030378247194696,not asian
ğŸ‘³â€â™€ï¸,0.04030378247194696,asian
ğŸ‘¨â€ğŸ‘¨â€ğŸ‘¦,0.04030378247194696,not asian
ğŸ•œ,0.04030378247194696,not asian
ğŸ´â€â˜ ï¸,0.04030378247194696,not asian
ğŸ§—â€â™€ï¸,0.04030378247194696,not asian
ğŸ‘©ğŸ¾â€ğŸ“,0.04030378247194696,not asian
ğŸ¤¶ğŸ¿,0.04030378247194696,not asian
ğŸ‘®ğŸ¼â€â™‚ï¸,0.04030378247194696,not asian
ğŸ‘·ğŸ¼â€â™€ï¸,0.04030378247194696,not asian
ğŸ‘¨ğŸ¿â€ğŸš’,0.04030378247194696,not asian
ğŸ‘¨â€ğŸ‘©â€ğŸ‘¦â€ğŸ‘¦,0.04030378247194696,not asian
ğŸ¤¸ğŸ¼,0.04030378247194696,not asian
ğŸ‘‚ğŸ½,0.04030378247194696,not asian
ğŸ‘¨ğŸ¼â€ğŸ­,0.04030378247194696,not asian
ğŸ§±,0.04030378247194696,not asian
ğŸ‘¨ğŸ¾â€ğŸ”§,0.04030378247194696,not asian
ğŸ‘©ğŸ½â€ğŸ¤,0.04030378247194696,not asian
ğŸ§—ğŸ½,0.04030378247194696,not asian
ğŸ…ğŸ½,0.04030378247194696,not asian
ğŸ¤¹ğŸ¿â€â™‚ï¸,0.04030378247194696,not asian
ğŸ‡¨ğŸ‡¬,0.04030378247194696,not asian
ğŸ™ğŸ»â€â™‚ï¸,0.04030378247194696,not asian
ğŸšµğŸ¼â€â™€ï¸,0.04030378247194696,not asian
ğŸ™†ğŸ¾,0.04030378247194696,not asian
ğŸ‡°ğŸ‡µ,0.04030378247194696,not asian
ğŸ¦¹ğŸ½â€â™‚ï¸,0.04030378247194696,not asian
ğŸ‘©ğŸ¿â€âš–ï¸,0.04030378247194696,not asian
â›¹ï¸â€â™‚ï¸,0.04030378247194696,not asian
ğŸ‘¦ğŸ½,0.04030378247194696,not asian
ğŸ’‚â€â™€ï¸,0.04030378247194696,asian
ğŸ¦·,0.04030378247194696,not asian
ğŸ¤¹ğŸ¼â€â™€ï¸,0.04030378247194696,not asian
ğŸ™…ğŸ¼,0.04030378247194696,not asian
ğŸ–±,0.04030378247194696,not asian
ğŸ•¡,0.04030378247194696,not asian
ğŸ§˜ğŸ»â€â™‚ï¸,0.04030378247194696,not asian
ğŸ‘¨ğŸ¾â€âš–ï¸,0.04030378247194696,not asian
ğŸ‡§ğŸ‡¸,0.04030378247194696,not asian
ğŸ¦¸â€â™‚ï¸,0.04030378247194696,not asian
ğŸ‘·ğŸ½â€â™‚ï¸,0.04030378247194696,not asian
ğŸ§™ğŸ¼â€â™€ï¸,0.04030378247194696,not asian
âš—,0.04030378247194696,not asian
ğŸ‘¨ğŸ¼â€ğŸ³,0.04030378247194696,not asian
ğŸ‘©ğŸ¾â€âœˆï¸,0.04030378247194696,not asian
ğŸ‘¨â€ğŸ­,0.04030378247194696,asian
ğŸ‘©ğŸ½,0.04030378247194696,not asian
ğŸ‘¨â€ğŸ”¬,0.04030378247194696,asian
ğŸ‘¨ğŸ»â€ğŸ”§,0.04030378247194696,not asian
ğŸ‘©ğŸ»â€ğŸ­,0.04030378247194696,not asian
ğŸ‘¨ğŸ»â€ğŸ­,0.04030378247194696,not asian
ğŸ‘¨â€ğŸ¤,0.04030378247194696,asian
ğŸ§°,0.04030378247194696,not asian
ğŸ•,0.04030378247194696,not asian
ğŸ‘©â€âœˆï¸,0.04030378247194696,asian
ğŸ‘¨â€ğŸš€,0.04030378247194696,asian
ğŸ™…ğŸ¾,0.04030378247194696,not asian
ğŸ„ğŸ½,0.04030378247194696,not asian
ğŸš£â€â™‚ï¸,0.04030378247194696,not asian
ğŸ‘¨â€ğŸ‘¦â€ğŸ‘¦,0.04030378247194696,not asian
ğŸ‘©ğŸ¼â€ğŸ¤,0.04030378247194696,not asian
ğŸ¤´ğŸ¿,0.04030378247194696,not asian
ğŸ‘·ğŸ¼â€â™‚ï¸,0.04030378247194696,not asian
ğŸ¦˜,0.04030378247194696,not asian
ğŸ‡¹ğŸ‡¼,0.04030378247194696,asian
ğŸš¥,0.04030378247194696,not asian
ğŸšˆ,0.04030378247194696,not asian
ğŸ‡¸ğŸ‡¾,0.04030378247194696,not asian
ğŸ§›ğŸ¿â€â™€ï¸,0.04030378247194696,not asian
ğŸ‘³ğŸ¾,0.04030378247194696,not asian
ğŸ›…,0.04030378247194696,not asian
ğŸš´ğŸ»,0.04030378247194696,not asian
ğŸ‘·ğŸ¾,0.04030378247194696,not asian
ğŸ§¯,0.04030378247194696,not asian
ğŸŠğŸ½â€â™€ï¸,0.04030378247194696,not asian
ğŸ‘¨â€ğŸ‘§,0.04030378247194696,not asian
ğŸš·,0.04030378247194696,not asian
ğŸ‘®ğŸ¾â€â™€ï¸,0.04030378247194696,not asian
ğŸ‘®ğŸ¾â€â™‚ï¸,0.04030378247194696,not asian
â›¹ğŸ½â€â™€ï¸,0.04030378247194696,not asian
ğŸ‹ğŸ¼,0.04030378247194696,not asian
ğŸ™‡ğŸ¿â€â™€ï¸,0.04030378247194696,not asian
ğŸ‘³ğŸ½,0.04030378247194696,not asian
ğŸ¦,0.04030378247194696,not asian
ğŸ›„,0.04030378247194696,not asian
ğŸ§—ğŸ¼â€â™‚ï¸,0.04030378247194696,not asian
ğŸ§—,0.04030378247194696,not asian
ğŸ‘·ğŸ¾â€â™‚ï¸,0.04030378247194696,not asian
ğŸ§•,0.04030378247194696,not asian
ğŸ¤œğŸ¾,0.04030378247194696,not asian
ğŸ§’ğŸ¾,0.04030378247194696,not asian
ğŸ‘©ğŸ¼â€ğŸ«,0.04030378247194696,not asian
ğŸ‘®ğŸ¿â€â™‚ï¸,0.04030378247194696,not asian
ğŸ†‘,0.04030378247194696,not asian
ğŸ‡¸ğŸ‡©,0.04030378247194696,not asian
ğŸ‘¨ğŸ¼â€ğŸ’¼,0.04030378247194696,not asian
ğŸ§š,0.04030378247194696,not asian
ğŸ‡¨ğŸ‡©,0.04030378247194696,not asian
ğŸ§¨,0.04030378247194696,not asian
ğŸ‘±ğŸ»â€â™‚ï¸,0.04030378247194696,not asian
ğŸ¤½ğŸ»â€â™‚ï¸,0.04030378247194696,not asian
ğŸ‹ğŸ¾â€â™€ï¸,0.04030378247194696,not asian
ğŸ§–â€â™€ï¸,0.04030378247194696,not asian
ğŸ§¸,0.04030378247194696,not asian
ğŸ¤›ğŸ¾,0.04030378247194696,not asian
ğŸ’‡ğŸ½â€â™‚ï¸,0.04030378247194696,not asian
ğŸ§”ğŸ¾,0.04030378247194696,not asian
ğŸ™ğŸ¼,0.04030378247194696,not asian
ğŸŠğŸ¼,0.04030378247194696,not asian
ğŸŠğŸ¼â€â™€ï¸,0.04030378247194696,not asian
ğŸ‘¨ğŸ»â€âš–ï¸,0.04030378247194696,not asian
ğŸ‘©ğŸ¼â€ğŸš’,0.04030378247194696,not asian
ğŸ•§,0.04030378247194696,not asian
ğŸ‘¨â€ğŸ‘¨â€ğŸ‘§,0.04030378247194696,not asian
ğŸ™ğŸ½â€â™‚ï¸,0.04030378247194696,not asian
ğŸ¤,0.04030378247194696,not asian
ğŸ—œ,0.04030378247194696,not asian
ğŸ§œâ€â™‚ï¸,0.04030378247194696,not asian
ğŸš£ğŸ»â€â™€ï¸,0.04030378247194696,not asian
ğŸ…ğŸ¼,0.04030378247194696,not asian
ğŸš³,0.04030378247194696,not asian
ğŸš,0.04030378247194696,not asian
ğŸ‘¨ğŸ¼â€ğŸ“,0.04030378247194696,not asian
ğŸ––ğŸ¿,0.04030378247194696,not asian
ğŸ‘¨ğŸ½â€ğŸ”¬,0.04030378247194696,not asian
ğŸ§˜ğŸ»,0.04030378247194696,not asian
ğŸ‘¨ğŸ¼â€ğŸ¨,0.04030378247194696,not asian
ğŸ‘¨ğŸ¾â€ğŸš€,0.04030378247194696,not asian
ğŸ“ª,0.04030378247194696,not asian
ğŸ‘©ğŸ»â€âš–ï¸,0.04030378247194696,not asian
ğŸ›·,0.04030378247194696,not asian
ğŸšµâ€â™€ï¸,0.04030378247194696,not asian
ğŸšµğŸ»â€â™€ï¸,0.04030378247194696,not asian
ğŸ‡¬ğŸ‡µ,0.04030378247194696,not asian
ğŸ‘©ğŸ¿â€ğŸŒ¾,0.04030378247194696,not asian
ğŸ§ğŸ½â€â™€ï¸,0.04030378247194696,not asian
ğŸš£ğŸ»â€â™‚ï¸,0.04030378247194696,not asian
ğŸ‡ğŸ¿,0.04030378247194696,not asian
ğŸ‘µğŸ¿,0.04030378247194696,not asian
ğŸ§–ğŸ¿â€â™€ï¸,0.04030378247194696,not asian
ğŸ§º,0.04030378247194696,not asian
ğŸ§›ğŸ½â€â™‚ï¸,0.04030378247194696,not asian
ğŸ§šğŸ¼â€â™‚ï¸,0.04030378247194696,not asian
ğŸš ,0.04030378247194696,not asian
ğŸ•´ğŸ½,0.04030378247194696,not asian
ğŸ“¤,0.04030378247194696,not asian
ğŸ§–â€â™‚ï¸,0.04030378247194696,not asian
ğŸ‘ğŸ¿,0.04030378247194696,asian
ğŸ…ğŸ¾,0.04030378247194696,not asian
ğŸ‘©ğŸ¼â€âš•ï¸,0.04030378247194696,not asian
ğŸš¶ğŸ¼â€â™‚ï¸,0.04030378247194696,not asian
ğŸ‘©ğŸ½â€ğŸ«,0.04030378247194696,not asian
ğŸ‡¿ğŸ‡¼,0.04030378247194696,not asian
ğŸ¤±ğŸ¿,0.04030378247194696,not asian
ğŸ§—ğŸ½â€â™€ï¸,0.04030378247194696,not asian
ğŸ•´ğŸ»,0.04030378247194696,not asian
ğŸ¤¹â€â™‚ï¸,0.04030378247194696,not asian
ğŸŠğŸ¼â€â™‚ï¸,0.04030378247194696,not asian
ğŸš£ğŸ½â€â™‚ï¸,0.04030378247194696,not asian
ğŸ‘¨â€ğŸ‘¨â€ğŸ‘§â€ğŸ‘§,0.04030378247194696,not asian
ğŸš´ğŸ¾â€â™€ï¸,0.04030378247194696,not asian
ğŸ§ª,0.04030378247194696,not asian
ğŸ™ğŸ»,0.04030378247194696,not asian
ğŸ”¯,0.04030378247194696,not asian
ğŸ‘¸ğŸ¿,0.04030378247194696,not asian
â›¹ğŸ½,0.04030378247194696,not asian
ğŸ”²,0.04030378247194696,not asian
ğŸ‘¨ğŸ¾â€ğŸ¨,0.04030378247194696,not asian
ğŸŠğŸ¾â€â™‚ï¸,0.04030378247194696,not asian
ğŸ‡ğŸ»,0.04030378247194696,not asian
âº,0.04030378247194696,not asian
ğŸ‡¨ğŸ‡¾,0.04030378247194696,not asian
ğŸ§Ÿ,0.04030378247194696,not asian
ğŸ‡¬ğŸ‡®,0.04030378247194696,not asian
ğŸƒğŸ¿â€â™€ï¸,0.04030378247194696,not asian
ğŸ§›ğŸ»â€â™‚ï¸,0.04030378247194696,not asian
ğŸ‘¨ğŸ»â€âœˆï¸,0.04030378247194696,not asian
ğŸ¤¸ğŸ½â€â™‚ï¸,0.04030378247194696,not asian
ğŸ§¹,0.04030378247194696,not asian
ğŸ¥¿,0.04030378247194696,not asian
ğŸš´ğŸ¼â€â™‚ï¸,0.04030378247194696,not asian
ğŸŠğŸ¿â€â™€ï¸,0.04030378247194696,not asian
ğŸ‘ğŸ»,0.04069531407362305,not asian
ğŸ¦‘,0.041186168653185105,not asian
ğŸ‘¾,0.04129550441814052,not asian
ğŸŒš,0.042356284107193866,not asian
ğŸ™†â€â™‚ï¸,0.043930744396336395,asian
ğŸŒ·,0.04566990265119958,not asian
ğŸ¤¡,0.04581562189957205,asian
ğŸ’‡ğŸ»â€â™€ï¸,0.04813239344694545,asian
ğŸ¶,0.049614175682914714,asian
ğŸš,0.05006322910134684,asian
ğŸ’,0.05044803577912653,not asian
ğŸ”™,0.05211677360075019,asian
ğŸ˜¤,0.05301517634595164,asian
ğŸ‘—,0.0536224427002339,not asian
ğŸ¦,0.055085421308864846,asian
âœŠğŸ¼,0.05566343258785371,asian
ğŸ“,0.05858584380180323,not asian
ğŸ¤²ğŸ»,0.05873473776018712,not asian
â˜•,0.059012722137727264,not asian
ğŸ–•,0.05904356503353029,not asian
ğŸŒ¾,0.059225914244932155,asian
ğŸ“†,0.059353769692273704,not asian
ğŸ˜ƒ,0.061361718189349684,asian
ğŸ’˜,0.06223310170300581,asian
ğŸ¦,0.06397534357100652,asian
ğŸ¤ğŸ½,0.06754854958440536,not asian
ğŸ’Œ,0.06783094703896027,asian
ğŸ“€,0.07152373930483147,not asian
ğŸ£,0.07277777740911477,asian
ğŸ,0.07349898556412397,asian
ğŸŒ‹,0.07426736492736188,asian
ğŸ•µï¸â€â™‚ï¸,0.0772364304265243,asian
ğŸ¤©,0.07830224300266574,not asian
ğŸ,0.07998941352198051,asian
ğŸ‘©â€ğŸ­,0.08019290405555932,asian
ğŸ‘¨â€âœˆï¸,0.08019290405555932,asian
ğŸ˜¹,0.08034882948953222,not asian
ğŸ’‘,0.08263006015214291,not asian
ğŸš,0.08585422923147085,asian
ğŸ’·,0.08593136673579299,not asian
ğŸ´,0.08638479464910752,not asian
ğŸŒ¿,0.09108617308324485,not asian
ğŸ“š,0.09532556963934545,not asian
ğŸ˜½,0.095453309757236,asian
ğŸ•ºğŸ»,0.09806221070149837,asian
ğŸ¤µ,0.09984742762545433,asian
ğŸ’°,0.10066644509700207,not asian
â‰,0.10361866107161698,asian
ğŸŒ›,0.10437792656619554,not asian
ğŸ˜º,0.1053299701301331,not asian
ğŸ¤·ğŸ½â€â™‚ï¸,0.10744705205194285,not asian
ğŸ¤«,0.10822298629186937,not asian
ğŸ¸,0.10870925272317622,not asian
ğŸ,0.10908021171251565,not asian
â™Œ,0.11207117374842154,asian
ğŸ“¨,0.11250381085686893,not asian
ğŸ¤ğŸ¾,0.11299729948720694,not asian
ğŸ“ˆ,0.115541696453142,not asian
ğŸ’,0.11731524988018249,asian
ğŸ‘¼ğŸ»,0.11768939356858452,asian
ğŸ‘®â€â™‚ï¸,0.11875509104553224,asian
ğŸ™†ğŸ»,0.1231975187897046,asian
ğŸ”†,0.125333704181985,asian
ğŸ,0.1256278878018706,not asian
ğŸª,0.1258798738686086,asian
ğŸ‘¨â€âš–ï¸,0.12654272983754092,not asian
ğŸ†•,0.12705647379346832,not asian
âšª,0.12769102747666372,not asian
ğŸ˜©,0.1287632790817847,not asian
ğŸ¨,0.12895427310108087,asian
ğŸ‘ğŸ½,0.12911288160797402,not asian
ğŸ‡¯ğŸ‡µ,0.1372159129554933,asian
ğŸ‡«ğŸ‡·,0.13824208074135966,not asian
ğŸ†,0.13870302657028274,asian
ğŸ‡¨ğŸ‡±,0.13882554538716974,asian
ğŸ™,0.13980726223154288,not asian
ğŸ™…,0.14173283683322818,asian
ğŸ”¶,0.14249036549710603,not asian
ğŸ†“,0.14471879682326477,not asian
ğŸŒ…,0.14685268086042427,not asian
ğŸŒŠ,0.14715833917530244,not asian
ğŸ–•ğŸ»,0.14719599937470473,not asian
ğŸ”Š,0.1494113515676508,not asian
ğŸ˜„,0.1522745485925936,not asian
ğŸ”,0.1536880261662257,not asian
âœ´,0.15516906129155034,asian
ğŸ¾,0.15653438076155807,not asian
ğŸ…,0.16047013815316066,not asian
ğŸ¤¨,0.1635414885918047,not asian
ğŸ’†ğŸ»,0.1646246715506691,asian
ğŸš´ğŸ½â€â™€ï¸,0.1646246715506691,asian
ğŸ—¿,0.16567143661816025,asian
ğŸ‘­,0.16569311622490093,not asian
ğŸ‘‘,0.16604640400874346,not asian
ğŸš²,0.1665061460754367,not asian
ğŸŠ,0.16669708507049105,asian
ğŸ€,0.16828934889591923,not asian
ğŸ˜‡,0.1692669496529942,asian
ğŸ¤‘,0.1703156296396449,not asian
ğŸ‡¹ğŸ‡­,0.17057446261296577,not asian
ğŸ˜ª,0.1733249997553169,not asian
ğŸ‘€,0.17361329275515963,not asian
ğŸ‘ğŸ½,0.17612386128963792,asian
ğŸ®,0.17692365477182304,asian
ğŸº,0.17717914040446997,not asian
ğŸ£,0.17845011203349578,not asian
ğŸ¤³,0.18057393800236995,asian
â™,0.18089770312471623,asian
ğŸŒ¦,0.18089770312471623,asian
ğŸ‘©â€âš•ï¸,0.18102922100010194,asian
ğŸ‘ŒğŸ½,0.18155984490476593,not asian
ğŸ‘‰ğŸ»,0.1835934486414677,not asian
ğŸ”,0.18383321729976645,not asian
ğŸ’ªğŸ½,0.18475037620906112,not asian
ğŸ§–ğŸ»â€â™€ï¸,0.18591708535544493,asian
ğŸ‘¨â€ğŸ’¼,0.18591708535544493,asian
â†—,0.18711590432452274,asian
ğŸ“Š,0.19032319165492378,not asian
ğŸ˜Ÿ,0.19298138833032172,not asian
ğŸ¤¦ğŸ»,0.19686427874882342,not asian
â˜ª,0.19686427874882345,not asian
ğŸ‘©ğŸ»â€ğŸ”¬,0.19816988599738855,not asian
ğŸ¤¾ğŸ¾â€â™‚ï¸,0.19816988599738855,not asian
ğŸ•š,0.19816988599738855,not asian
ğŸ§—â€â™‚ï¸,0.19816988599738855,asian
ğŸ•µğŸ¼â€â™€ï¸,0.19816988599738855,not asian
ğŸ’†ğŸ½,0.19816988599738855,not asian
ğŸ’‡ğŸ¾,0.19816988599738855,not asian
ğŸ•Ÿ,0.19816988599738855,not asian
ğŸ‘¨ğŸ½â€ğŸ’»,0.19816988599738855,not asian
âš›,0.19816988599738855,not asian
ğŸ™‡ğŸ¿â€â™‚ï¸,0.19816988599738855,not asian
ğŸ§,0.19816988599738855,not asian
ğŸš´ğŸ¾â€â™‚ï¸,0.19816988599738855,not asian
ğŸ™â€â™€ï¸,0.19816988599738855,asian
ğŸ’‡ğŸ½,0.19816988599738855,not asian
â›¹ğŸ»â€â™€ï¸,0.19816988599738855,not asian
ğŸ‘ˆğŸ¿,0.19816988599738855,not asian
â›¹ğŸ»â€â™‚ï¸,0.19816988599738855,not asian
â¹,0.19816988599738855,not asian
ğŸ‘‹ğŸ¿,0.19816988599738855,not asian
ğŸš‰,0.19816988599738855,not asian
ğŸƒğŸ¾,0.19816988599738855,not asian
ğŸ‘©â€ğŸš€,0.19816988599738855,asian
ğŸš¶ğŸ¿,0.19816988599738855,not asian
ğŸ’‡ğŸ»,0.19816988599738855,not asian
ğŸ‘¨ğŸ¾,0.19816988599738855,not asian
ğŸŒğŸ¾,0.19816988599738855,not asian
ğŸ‘±ğŸ¿â€â™€ï¸,0.19816988599738855,not asian
ğŸ‘©ğŸ¿â€ğŸ’»,0.19816988599738855,not asian
ğŸ¥«,0.19816988599738855,asian
ğŸ§ğŸ»â€â™€ï¸,0.19816988599738855,not asian
ğŸƒğŸ¼,0.19816988599738855,not asian
ğŸ‘©ğŸ¼â€ğŸ“,0.19816988599738855,not asian
ğŸ’‚â€â™‚ï¸,0.19816988599738855,asian
ğŸ‘¨ğŸ¾â€ğŸ“,0.19816988599738855,not asian
ğŸ¤¼â€â™€ï¸,0.19816988599738855,not asian
ğŸ¤·ğŸ¿,0.19816988599738855,not asian
ğŸ‘³â€â™‚ï¸,0.19816988599738855,asian
ğŸ’ğŸ¿â€â™€ï¸,0.19816988599738855,not asian
ğŸ‡±ğŸ‡º,0.19816988599738855,not asian
ğŸ‘©ğŸ¿â€âš•ï¸,0.19816988599738855,not asian
ğŸ‘·ğŸ»â€â™€ï¸,0.19816988599738855,not asian
ğŸ‡¨ğŸ‡²,0.19816988599738855,not asian
ğŸ’‚,0.19816988599738855,not asian
ğŸš¯,0.19816988599738855,not asian
ğŸ§˜ğŸ½â€â™‚ï¸,0.19816988599738855,not asian
ğŸ§˜ğŸ¼â€â™€ï¸,0.19816988599738855,not asian
ğŸ¤´ğŸ¼,0.19816988599738855,not asian
â„¹,0.19816988599738855,not asian
ğŸ§œ,0.19816988599738855,not asian
ğŸ‡¹ğŸ‡©,0.19816988599738855,not asian
ğŸ•´ğŸ¾,0.19816988599738855,not asian
ğŸš¸,0.19816988599738855,not asian
â™‘,0.19816988599738855,not asian
ğŸ‘±ğŸ¾â€â™‚ï¸,0.19816988599738855,asian
ğŸ‘¨ğŸ½â€ğŸ³,0.19816988599738855,not asian
ğŸŒğŸ¾â€â™€ï¸,0.19816988599738855,not asian
ğŸ§”ğŸ½,0.19816988599738855,not asian
ğŸ‹ğŸ½,0.19816988599738855,not asian
ğŸ‘¨â€ğŸ«,0.19816988599738855,not asian
ğŸ¤¾ğŸ¼â€â™€ï¸,0.19816988599738855,not asian
ğŸ§“ğŸ»,0.19816988599738855,not asian
ğŸ‘°ğŸ¾,0.19816988599738855,not asian
ğŸ’‚ğŸ¾â€â™€ï¸,0.19816988599738855,not asian
ğŸ‘µğŸ¾,0.19816988599738855,not asian
ğŸ¤šğŸ¿,0.19816988599738855,not asian
ğŸ••,0.19816988599738855,asian
ğŸ‡­ğŸ‡°,0.19816988599738855,not asian
ğŸ‡®ğŸ‡±,0.19816988599738855,not asian
ğŸ‡§ğŸ‡´,0.19816988599738855,not asian
ğŸ’‡ğŸ½â€â™€ï¸,0.19816988599738855,not asian
ğŸŒï¸â€â™€ï¸,0.19816988599738855,not asian
ğŸ›¤,0.19816988599738855,not asian
ğŸ™‡ğŸ½,0.19816988599738855,not asian
ğŸ‡±ğŸ‡°,0.19816988599738855,not asian
ğŸ”£,0.19816988599738855,not asian
ğŸ›,0.19816988599738855,not asian
ğŸ‘©ğŸ½â€ğŸ“,0.19816988599738855,not asian
ğŸ´,0.19816988599738855,not asian
ğŸ•¦,0.19816988599738855,not asian
ğŸ™‹ğŸ¾,0.19816988599738855,not asian
ğŸ¤±ğŸ¾,0.19816988599738855,not asian
ğŸ‡§ğŸ‡¬,0.19816988599738855,not asian
ğŸ’½,0.19816988599738855,not asian
ğŸ‘©ğŸ½â€âš•ï¸,0.19816988599738855,not asian
ğŸ¤¦ğŸ¿,0.19816988599738855,not asian
ğŸ¤¾ğŸ¿â€â™‚ï¸,0.19816988599738855,not asian
ğŸ™â€â™‚ï¸,0.19816988599738855,asian
â›¹,0.19816988599738855,not asian
â—,0.19816988599738855,not asian
ğŸšµâ€â™‚ï¸,0.19816988599738855,not asian
ğŸ¤µğŸ½,0.19816988599738855,not asian
ğŸ‘¨ğŸ½â€ğŸš€,0.19816988599738855,not asian
ğŸ‘¨ğŸ»â€ğŸ”¬,0.19816988599738855,not asian
ğŸš¡,0.19816988599738855,not asian
ğŸ¤µğŸ¼,0.19816988599738855,not asian
ğŸ‡²ğŸ‡²,0.19816988599738855,not asian
ğŸ”³,0.19816988599738855,not asian
ğŸš°,0.19816988599738855,not asian
ğŸ§³,0.19816988599738855,not asian
ğŸ§™â€â™‚ï¸,0.19816988599738855,not asian
ğŸ‡ºğŸ‡¬,0.19816988599738855,not asian
ğŸ‘¨ğŸ¼â€ğŸŒ¾,0.19816988599738855,not asian
ğŸ‘·ğŸ»â€â™‚ï¸,0.19816988599738855,not asian
ğŸ‘¨ğŸ½â€ğŸ«,0.19816988599738855,not asian
ğŸ’‡ğŸ¾â€â™€ï¸,0.19816988599738855,not asian
ğŸ¿,0.19816988599738855,not asian
ğŸ’‡â€â™‚ï¸,0.19816988599738855,not asian
ğŸ‘¨ğŸ¿â€âš•ï¸,0.19816988599738855,not asian
ğŸ‡¹ğŸ‡¹,0.19816988599738855,not asian
ğŸ‘©ğŸ»â€ğŸ«,0.19816988599738855,asian
ğŸ‘ğŸ¼,0.1999994637756631,not asian
ğŸ‘”,0.2060288842164178,asian
ğŸ,0.2078906439527415,not asian
ğŸ¤·ğŸ¼â€â™€ï¸,0.21177000957483813,not asian
ğŸ—³,0.2132230449662145,asian
ğŸ¦,0.2133849137322466,not asian
ğŸ¦–,0.2137312290025802,asian
ğŸ¤ğŸ»,0.21812184307166013,not asian
ğŸ”¼,0.21898371095215938,not asian
ğŸŒ‡,0.21898371095215938,not asian
ğŸ“–,0.21924848871909464,not asian
ğŸ¤”,0.22138251029237455,not asian
ğŸ¦,0.22192110963227443,asian
ğŸ“²,0.22207682300500853,not asian
ğŸ’ğŸ½â€â™€ï¸,0.22491757194708334,not asian
ğŸ‘ˆğŸ¾,0.22689092085220225,not asian
ğŸ‘©ğŸ»,0.2285328734797862,asian
ğŸ’…ğŸ»,0.22927794889389155,not asian
ğŸš¶ğŸ»â€â™€ï¸,0.23554694910308024,not asian
âœ–,0.235637031466114,not asian
ğŸ”·,0.23607093256990141,not asian
âŒ¨,0.23722797861710557,not asian
ğŸ¤·ğŸ¼â€â™‚ï¸,0.2396954935827743,not asian
ğŸ¨,0.2449513334808915,asian
ğŸ§,0.24761925049600483,asian
ğŸ™ğŸ¼,0.2478629089572073,not asian
ğŸšƒ,0.24963949432287835,asian
ğŸ¤ŸğŸ½,0.25029531177623804,not asian
ğŸ¤–,0.2505449758012162,not asian
ğŸ‡¬ğŸ‡­,0.25696834151105297,not asian
ğŸ‘ğŸ¼,0.25727505202733236,asian
ğŸ’¸,0.26078075107380705,not asian
ğŸ‘ŠğŸ¾,0.2618405875960648,not asian
ğŸ°,0.26195714575911266,not asian
ğŸ’ªğŸ¾,0.26390675030525773,not asian
âœŠğŸ¾,0.2652522768758863,not asian
ğŸ‘…,0.2716569479745313,not asian
ğŸŒ,0.2718360700302009,not asian
ğŸ•,0.27188853935164503,not asian
ğŸ™,0.2735017807120038,not asian
ğŸ¤¦ğŸ¼â€â™‚ï¸,0.2735965987043765,not asian
âœŠğŸ½,0.27359659870437664,not asian
âœŒğŸ¾,0.27441524012375323,not asian
ğŸ,0.275987703461519,not asian
ğŸ‘ŒğŸ¾,0.2775260919375085,not asian
ğŸ‘£,0.28096525168152375,not asian
ğŸŒ­,0.2815658667322486,asian
ğŸ’’,0.28366190275732145,not asian
ğŸšª,0.28642410482225855,asian
ğŸ³,0.28689337979353535,asian
â¬…,0.29015855083853287,not asian
ğŸ˜ ,0.29205498480669095,not asian
ğŸŒ•,0.2921251223466657,not asian
ğŸ•´,0.29239797123877664,not asian
ğŸ¥Š,0.29483400359844114,not asian
ğŸ¤·,0.2977927979472842,not asian
ğŸ˜‹,0.30105171559240335,asian
ğŸ¤·â€â™‚ï¸,0.30121462355023854,not asian
â™,0.30151352503946915,not asian
ğŸŒ³,0.30335537519123357,not asian
ğŸ¥™,0.30464991801794744,asian
âœŒ,0.3054201685728782,not asian
ğŸ²,0.3096549036489888,not asian
ğŸ¤¦ğŸ¿â€â™‚ï¸,0.3096549036489888,not asian
ğŸ¤·ğŸ»â€â™€ï¸,0.31006229345778835,not asian
ğŸš‘,0.31014553651428795,asian
ğŸ¤—,0.31241595973879677,asian
ğŸ˜«,0.3159598127692792,asian
ğŸ¤º,0.31694476544844674,asian
ğŸ˜Œ,0.31940827910292346,not asian
ğŸ¤¦,0.3196767220456324,not asian
â˜ğŸ¾,0.32707889768744264,not asian
ğŸ‡¨ğŸ‡³,0.32707889768744264,not asian
ğŸ»,0.3289013783437624,not asian
ğŸ‡¨ğŸ‡´,0.3326422384155513,not asian
ğŸ´ó §ó ¢ó ¥ó ®ó §ó ¿,0.3329024719721131,not asian
ğŸ–¼,0.33428000797486884,asian
ğŸ›¡,0.33428000797486884,asian
ğŸ‘ğŸ¾,0.33542188662793143,not asian
ğŸ‘¨ğŸ»â€ğŸš€,0.33971241099725236,not asian
ğŸ“¥,0.33971241099725236,not asian
ğŸ‡¨ğŸ‡¦,0.3397799538777224,not asian
ğŸ‘‹,0.34179481148707574,asian
ğŸš…,0.34293581835555775,not asian
ğŸ¥…,0.3461422256845364,not asian
ğŸ¦…,0.35179674982969433,not asian
ğŸ“‹,0.35293703093879014,not asian
âœğŸ»,0.35293703093879014,not asian
ğŸ”“,0.35293703093879014,not asian
ğŸ¦„,0.35373999596159145,asian
ğŸ®,0.35564263674854,not asian
ğŸŒ¼,0.35596216599864505,not asian
ğŸ‘«,0.3571304463562273,not asian
ğŸ†,0.35858051374782524,not asian
ğŸ‘´ğŸ¿,0.3589430737841741,not asian
ğŸ‘©ğŸ¾â€ğŸ³,0.3589430737841741,not asian
ğŸ§›â€â™€ï¸,0.3589430737841741,asian
ğŸ‡«ğŸ‡®,0.3589430737841741,not asian
ğŸ™ğŸ¼â€â™‚ï¸,0.3589430737841741,not asian
ğŸ‘©â€ğŸ”¬,0.3589430737841741,asian
ğŸ„ğŸ¼â€â™€ï¸,0.3589430737841741,not asian
ğŸŒğŸ¼â€â™‚ï¸,0.3589430737841741,not asian
ğŸ”¢,0.3589430737841741,not asian
â™Ÿ,0.3589430737841741,not asian
ğŸ‘±â€â™‚ï¸,0.3589430737841741,asian
ğŸ™†ğŸ½,0.3589430737841741,not asian
ğŸ‡ªğŸ‡¹,0.3589430737841741,not asian
ğŸ‡·ğŸ‡¼,0.3589430737841741,not asian
ğŸ“‡,0.3589430737841741,not asian
ğŸ›£,0.3589430737841741,not asian
ğŸ™‹ğŸ¿â€â™‚ï¸,0.3589430737841741,not asian
ğŸ’±,0.3589430737841741,asian
ğŸ• ,0.3589430737841741,not asian
â™’,0.3589430737841741,not asian
â†•,0.3589430737841741,not asian
ğŸ‘©ğŸ»â€ğŸ¨,0.3589430737841741,not asian
ğŸ¤¾â€â™‚ï¸,0.3589430737841741,not asian
ğŸ‘©â€ğŸ‘§â€ğŸ‘¦,0.3589430737841741,not asian
ğŸ‘§ğŸ¾,0.3589430737841741,not asian
ğŸ‘¦ğŸ¾,0.3589430737841741,not asian
ğŸ‘¼ğŸ¾,0.3589430737841741,not asian
ğŸ¤œğŸ½,0.3589430737841741,not asian
ğŸ‘©ğŸ¾â€âš•ï¸,0.3589430737841741,not asian
ğŸ‘‚ğŸ¼,0.3589430737841741,not asian
ğŸ‡¦ğŸ‡«,0.3589430737841741,not asian
ğŸš»,0.3589430737841741,not asian
ğŸ›ƒ,0.3589430737841741,not asian
ğŸ£,0.3589430737841741,not asian
ğŸ•£,0.3589430737841741,not asian
ğŸŒğŸ»â€â™€ï¸,0.3589430737841741,not asian
ğŸˆµ,0.3589430737841741,asian
ğŸ’†ğŸ¾,0.3589430737841741,not asian
ğŸ•µğŸ»â€â™‚ï¸,0.3589430737841741,not asian
ğŸ¤œğŸ»,0.3589430737841741,not asian
ğŸŒğŸ»â€â™‚ï¸,0.3589430737841741,not asian
ğŸš£â€â™€ï¸,0.3589430737841741,not asian
ğŸ‘©ğŸ»â€âš•ï¸,0.3589430737841741,not asian
ğŸ‘¨â€ğŸ“,0.3589430737841741,not asian
ğŸ›‚,0.3589430737841741,not asian
ğŸ§“,0.3589430737841741,not asian
ğŸ‘©ğŸ»â€ğŸ”§,0.3589430737841741,asian
ğŸ‘·â€â™€ï¸,0.3589430737841741,asian
â†©,0.3589430737841741,not asian
ğŸ¬,0.3589430737841741,asian
ğŸ¦,0.3589430737841741,not asian
ğŸ—‚,0.3589430737841741,asian
ğŸ‘¨ğŸ¾â€ğŸ’»,0.3589430737841741,not asian
ğŸ™†ğŸ¼,0.3589430737841741,not asian
ğŸ™ğŸ¿â€â™‚ï¸,0.3589430737841741,not asian
ğŸš¶ğŸ¼,0.3589430737841741,not asian
ğŸ™ğŸ»â€â™€ï¸,0.3589430737841741,not asian
ğŸš‹,0.3589430737841741,not asian
ğŸ‡³ğŸ‡¿,0.3589430737841741,not asian
ğŸª,0.3589430737841741,not asian
ğŸ‹ğŸ»â€â™€ï¸,0.3589430737841741,not asian
ğŸ¤šğŸ½,0.3589430737841741,not asian
â²,0.3589430737841741,not asian
ğŸ§šğŸ¼â€â™€ï¸,0.3589430737841741,not asian
ğŸ‡³ğŸ‡®,0.3589430737841741,not asian
ğŸ‘¨ğŸ»â€ğŸš’,0.3589430737841741,not asian
ğŸ‘©â€ğŸ‘§â€ğŸ‘§,0.3589430737841741,not asian
ğŸ‘ğŸ¿,0.3589430737841741,not asian
ğŸ‘§ğŸ¿,0.3589430737841741,not asian
ğŸ„ğŸ½â€â™‚ï¸,0.3589430737841741,not asian
ğŸ‘¨â€ğŸŒ¾,0.3589430737841741,asian
ğŸ¤¸ğŸ»,0.3589430737841741,not asian
ğŸ”€,0.3589430737841741,not asian
ğŸ§˜ğŸ½â€â™€ï¸,0.3589430737841741,not asian
ğŸ‡³ğŸ‡´,0.3589430737841741,not asian
ğŸ¤±ğŸ»,0.3589430737841741,not asian
ğŸ¸,0.3589430737841741,not asian
ğŸ¥ ,0.3589430737841741,asian
ğŸ‘©ğŸ¾,0.3589430737841741,not asian
ğŸ’†ğŸ»â€â™‚ï¸,0.3589430737841741,asian
ğŸš,0.3589430737841741,not asian
ğŸ”…,0.3589430737841741,not asian
ğŸ–ğŸ¿,0.3589430737841741,not asian
ğŸˆ·,0.3589430737841741,not asian
ğŸ‡±ğŸ‡§,0.3589430737841741,not asian
ğŸ‡·ğŸ‡´,0.3589430737841741,not asian
ğŸ‘¨â€ğŸ‘©â€ğŸ‘¦,0.3589430737841741,not asian
ğŸ‘©ğŸ¾â€ğŸ’»,0.3589430737841741,not asian
ğŸ‘‰ğŸ¿,0.3589430737841741,not asian
ğŸ’†ğŸ¼,0.3589430737841741,not asian
ğŸ‘¨â€ğŸ‘©â€ğŸ‘§â€ğŸ‘§,0.3589430737841741,not asian
ğŸœ,0.3589430737841741,not asian
ğŸ™‡ğŸ¾â€â™‚ï¸,0.3589430737841741,not asian
â›·,0.3589430737841741,asian
ğŸ™â€â™‚ï¸,0.3589430737841741,asian
ğŸš¶ğŸ¾,0.3589430737841741,not asian
ğŸ‘©â€ğŸš’,0.3589430737841741,asian
ğŸšµğŸ»â€â™‚ï¸,0.3589430737841741,not asian
ğŸ§œâ€â™€ï¸,0.3589430737841741,not asian
ğŸ‘©ğŸ»â€ğŸŒ¾,0.3589430737841741,asian
ğŸ‡©ğŸ‡ª,0.3622095787587479,not asian
ğŸ‘‰ğŸ½,0.36333292035792214,not asian
ğŸµ,0.36402469501466284,not asian
ğŸ‡,0.3648949821445623,not asian
ğŸŸ,0.36633838979540123,asian
ğŸ““,0.36708261833132316,asian
ğŸ”›,0.3699654864011121,not asian
ğŸ‘‰ğŸ¾,0.3699654864011121,not asian
ğŸ¤·ğŸ»,0.3731434722351358,not asian
ğŸˆ,0.3738711436607042,not asian
ğŸ˜¨,0.37477672671565604,not asian
ğŸ§¢,0.37775824727008067,not asian
ğŸ‡¸ğŸ‡¦,0.3795903489526351,not asian
âš°,0.3796295613556494,not asian
ğŸ™ˆ,0.38160260170657634,not asian
â™¦,0.3832189160473165,not asian
ğŸ¦‹,0.38424193404625173,not asian
1ï¸âƒ£,0.3859053174359118,not asian
ğŸ‘ğŸ»,0.38606806235851165,not asian
ğŸ¥,0.3871728770050559,asian
ğŸ†—,0.39017790170506417,not asian
â˜¹,0.3939197240592232,not asian
ğŸ’,0.396968223328345,not asian
ğŸ™‹ğŸ½â€â™€ï¸,0.3980766593693509,not asian
ğŸ‘ŠğŸ¼,0.40832517746936703,not asian
ğŸ¥,0.4109056630747695,not asian
ğŸ•¶,0.4151070903162499,not asian
ğŸŒ,0.4151070903162499,not asian
ğŸ‡µğŸ‡¹,0.41510709031625004,not asian
âœ¡,0.41953494917933887,not asian
ğŸŒ„,0.419534949179339,not asian
ğŸ‡µğŸ‡ª,0.419534949179339,not asian
ğŸ‘¨â€ğŸ³,0.4196932895021157,asian
ğŸ’ğŸ»â€â™€ï¸,0.4273619413285762,not asian
ğŸš¶ğŸ½â€â™€ï¸,0.42831401296766614,not asian
ğŸ™ğŸ¿,0.4285639035804374,not asian
ğŸ™‹ğŸ¼,0.4293414746932218,not asian
ğŸŸ,0.43567478479576427,not asian
âš“,0.4361176913882472,not asian
â†”,0.43782670485959185,not asian
ğŸ‡¦ğŸ‡º,0.43782670485959185,not asian
ğŸ’ªğŸ¿,0.4378267048595921,not asian
ğŸ‘¦ğŸ»,0.4393598556296875,asian
â–,0.442637234600192,asian
ğŸš„,0.4443318568196625,not asian
ğŸ¤ŸğŸ¾,0.4463252862349174,not asian
ğŸ‡­ğŸ‡·,0.44632528623491763,not asian
ğŸ“°,0.4470175016470004,not asian
ğŸ‘ˆğŸ½,0.4470175016470004,not asian
ğŸ¤™ğŸ¼,0.44860014332725806,not asian
ğŸ’,0.44900741398557187,not asian
ğŸ•‹,0.4496486372655516,not asian
ğŸ’ğŸ»,0.4496486372655516,not asian
ğŸ¥,0.4501554308264798,asian
ğŸ§Ÿâ€â™€ï¸,0.4502870687926688,asian
ğŸ’µ,0.45495233646073874,not asian
ğŸš®,0.45496574740768536,not asian
ğŸ‡®ğŸ‡³,0.45935029764230695,not asian
ğŸ¤™ğŸ½,0.46494602059243595,not asian
ğŸ†š,0.46494602059243606,not asian
ğŸ“‘,0.4656281962043236,not asian
ğŸ‘ğŸ½,0.46696563481008035,not asian
ğŸš´,0.46889636434495174,not asian
ğŸš¬,0.46889636434495185,not asian
ğŸ‡²ğŸ‡½,0.46889636434495185,not asian
ğŸ‘¿,0.4707946343286734,asian
ğŸ‡§ğŸ‡·,0.47214053344858453,not asian
ğŸ¢,0.473362062736872,asian
ğŸ°,0.4742587168801552,not asian
ğŸ‡§ğŸ‡ª,0.4742587168801552,not asian
ğŸ”‘,0.4742587168801552,not asian
ğŸ™…ğŸ½â€â™€ï¸,0.4742587168801552,not asian
ğŸ‘,0.47480317758333457,not asian
ğŸ’«,0.47491133926662443,not asian
â›º,0.47879301003877095,asian
ğŸ–‡,0.48524459840714573,not asian
ğŸ‡¿ğŸ‡¦,0.48524459840714573,not asian
ğŸ ,0.4870511860772817,asian
3ï¸âƒ£,0.4870643333386768,not asian
ğŸ…¿,0.4870643333386768,not asian
ğŸ’ƒğŸ½,0.4885355601224186,not asian
ğŸ‘,0.48936237631036217,not asian
ğŸ‡®ğŸ‡¹,0.4916407996846778,not asian
ğŸ½,0.4954632221162202,not asian
ğŸ‡¬ğŸ‡·,0.4971016111752711,not asian
ğŸ‘°ğŸ½,0.4971016111752711,not asian
ğŸ”,0.4971016111752711,not asian
ğŸ§’,0.4971016111752711,not asian
ğŸ‚,0.4971016111752711,not asian
ğŸ‹ğŸ¼â€â™€ï¸,0.4971016111752711,not asian
ğŸ––ğŸ½,0.4971016111752711,not asian
ğŸš,0.4971016111752711,asian
ğŸ”©,0.4971016111752711,not asian
ğŸ‘©ğŸ»â€ğŸ’¼,0.4971016111752711,not asian
ğŸ¤¹,0.4971016111752711,not asian
ğŸ‘¦ğŸ¼,0.4971016111752711,not asian
ğŸ›¶,0.4971016111752711,not asian
9ï¸âƒ£,0.4971016111752711,not asian
ğŸ¤±ğŸ½,0.4971016111752711,not asian
ğŸ§•ğŸ»,0.4971016111752711,not asian
â›‘,0.4971016111752711,not asian
ğŸ›´,0.4971016111752711,not asian
ğŸ¤¾â€â™€ï¸,0.4971016111752711,not asian
ğŸ¤³ğŸ½,0.4971016111752711,not asian
ğŸ›‹,0.4971016111752711,not asian
ğŸ‘©ğŸ»â€ğŸ’»,0.4971016111752711,not asian
ğŸ–ğŸ¾,0.4971016111752711,not asian
ğŸ¤¾ğŸ½â€â™€ï¸,0.4971016111752711,not asian
ğŸˆ‚,0.4971016111752711,not asian
ğŸ‘¨ğŸ»â€ğŸŒ¾,0.4971016111752711,not asian
ğŸ‡µğŸ‡¸,0.4971016111752711,not asian
ğŸ•—,0.4971016111752711,not asian
ğŸ‘¨ğŸ»â€ğŸ«,0.4971016111752711,not asian
ğŸ‘©â€ğŸ¤,0.4971016111752711,asian
ğŸ‘©â€ğŸ«,0.4971016111752711,asian
ğŸ¤›ğŸ½,0.4971016111752711,not asian
ğŸ‡²ğŸ‡¾,0.4971016111752711,not asian
ğŸ‘¨â€â¤ï¸â€ğŸ’‹â€ğŸ‘¨,0.4971016111752711,not asian
ğŸ™‡ğŸ¾,0.4971016111752711,not asian
ğŸ‘ƒğŸ¼,0.4971016111752711,not asian
ğŸ¤¾ğŸ»â€â™‚ï¸,0.4971016111752711,not asian
ğŸ™ğŸ»â€â™€ï¸,0.4971016111752711,not asian
ğŸ‘©â€ğŸ’¼,0.4971016111752711,asian
ğŸ•“,0.4971016111752711,not asian
â˜¸,0.4971016111752711,not asian
ğŸ•,0.4971016111752711,not asian
ğŸ‰,0.4971016111752711,not asian
ğŸ‹ğŸ½â€â™€ï¸,0.4971016111752711,not asian
ğŸ¤±,0.4971016111752711,not asian
ğŸ’ğŸ¾,0.4971016111752711,not asian
ğŸ§¦,0.4971016111752711,not asian
ğŸ§šğŸ¾â€â™€ï¸,0.4971016111752711,not asian
ğŸ” ,0.4971016111752711,not asian
âœ‹ğŸ¿,0.4971016111752711,not asian
ğŸ‘®ğŸ»â€â™‚ï¸,0.4971016111752711,not asian
ğŸ¾,0.49836447852315136,not asian
âœ‹ğŸ»,0.49837539923288043,not asian
â†ª,0.4999430841336211,not asian
ğŸ¥‚,0.5002417679365858,not asian
ğŸ‘ª,0.5059458032345983,not asian
ğŸ¤·ğŸ½,0.5059458032345983,not asian
ğŸ¤œğŸ¼,0.5059458032345983,not asian
ğŸ›Œ,0.5077551944138325,asian
ğŸ”,0.5083352579788116,not asian
âŒš,0.5137221756756689,not asian
ğŸ‰,0.5141883971706793,not asian
ğŸ‡«ğŸ‡´,0.5141883971706793,not asian
ğŸ’Š,0.5168161224664334,not asian
ğŸ‚,0.5177652572384706,not asian
ğŸ–¤,0.519673945725267,not asian
ğŸ‘©â€ğŸ’»,0.5236069217434149,asian
ğŸ‘©â€â¤ï¸â€ğŸ‘©,0.5236069217434149,asian
ğŸ›³,0.5236069217434149,asian
ğŸ‘µğŸ»,0.5236069217434149,asian
ğŸ³,0.5244986084551782,not asian
ğŸ›’,0.5244986084551782,not asian
ğŸ¥ƒ,0.5251677777099482,asian
ğŸ¤˜ğŸ½,0.525384348578423,not asian
ğŸ’…ğŸ¾,0.5275933242996464,not asian
â˜®,0.5278202520226389,not asian
ğŸšš,0.5304545864713817,not asian
ğŸ§ ,0.5336628162446384,not asian
2ï¸âƒ£,0.5349618791071209,not asian
ğŸ—“,0.5349618791071209,not asian
ğŸ“º,0.5358556324802787,not asian
ğŸ‹,0.5390830317217181,asian
ğŸ‹,0.5390830317217181,asian
ğŸ˜,0.5402768555280095,asian
ğŸ›,0.5418389999349232,not asian
ğŸš€,0.5453187047784416,not asian
ğŸ´,0.5455773973582907,not asian
ğŸ¤,0.5479252455776655,asian
ğŸ‡¦ğŸ‡·,0.5495053954283162,not asian
ğŸ¤˜ğŸ¼,0.5499176762364566,not asian
ğŸ‡»ğŸ‡ª,0.5509672962689226,not asian
ğŸ¤²,0.552544773741902,not asian
ğŸ–,0.5526143069777518,asian
ğŸ‘†,0.5534100040926213,not asian
ğŸ’ªğŸ¼,0.5547388150596766,not asian
ğŸ¤›ğŸ¼,0.5564693146609286,not asian
ğŸš¶ğŸ½,0.556469314660929,not asian
ğŸ’ğŸ¾â€â™€ï¸,0.556469314660929,not asian
ğŸŸ,0.556469314660929,not asian
â‡,0.5623316621760479,not asian
ğŸ“Œ,0.5627290956805096,asian
ğŸ‡·ğŸ‡º,0.5672606215186611,not asian
ğŸšµ,0.5672606215186611,not asian
ğŸ‘’,0.5714946535707714,not asian
ğŸ‡¨ğŸ‡­,0.5714946535707714,not asian
ğŸ”„,0.5714946535707714,not asian
ğŸ¥,0.5751164982321154,not asian
ğŸ“œ,0.5754991056306291,not asian
ğŸ‘›,0.5754991056306291,not asian
ğŸ¤·ğŸ¿â€â™‚ï¸,0.5754991056306291,not asian
âš”,0.578580213332252,not asian
ğŸ‘‹ğŸ¼,0.5790135439019406,asian
4ï¸âƒ£,0.5869256821420428,not asian
ğŸ™‡ğŸ½â€â™€ï¸,0.5869256821420428,not asian
ğŸ”•,0.5869256821420428,not asian
ğŸ¦‡,0.5888949167482038,not asian
ğŸ”¹,0.5941348933890092,not asian
ã€½,0.5978566561245926,asian
ğŸ¦‰,0.6008910189713759,not asian
ğŸ•ºğŸ¼,0.6008910189713759,not asian
âœŒğŸ¿,0.6015430148216002,not asian
ğŸ•’,0.6015430148216002,not asian
ğŸ™‡ğŸ¾â€â™€ï¸,0.6015430148216002,not asian
ğŸ‘©ğŸ½â€ğŸ’»,0.6015430148216002,not asian
ğŸ‘ˆ,0.6017723623638872,not asian
ğŸ“,0.6018012242144097,not asian
ğŸ–,0.6023954284053918,asian
ğŸ¤¦ğŸ¾,0.6027733538066147,not asian
ğŸ‘¡,0.6027733538066147,not asian
ğŸ­,0.606450063851181,not asian
ğŸ¦€,0.6127916812060463,not asian
â›µ,0.6133868255873167,asian
ğŸ‘‚ğŸ»,0.6139990871601609,asian
â™“,0.6141670505519696,not asian
ğŸ§œğŸ»â€â™€ï¸,0.6141670505519696,not asian
ğŸ“‚,0.6141670505519696,not asian
ğŸ¤´ğŸ»,0.6141670505519696,not asian
ğŸ›,0.6141670505519696,not asian
ğŸ¤¾ğŸ¿â€â™€ï¸,0.6141670505519696,not asian
ğŸ¤´ğŸ½,0.6141670505519696,not asian
ğŸ“§,0.6141670505519696,not asian
ğŸ•˜,0.6141670505519696,not asian
ğŸƒğŸ¼â€â™‚ï¸,0.6141670505519696,not asian
ğŸ’ğŸ¼â€â™‚ï¸,0.6141670505519696,not asian
ğŸ‘©â€ğŸ”§,0.6141670505519696,asian
ğŸ™ğŸ½â€â™‚ï¸,0.6141670505519696,not asian
ğŸ•‰,0.6141670505519696,not asian
ğŸ“µ,0.6141670505519696,not asian
ğŸŒ“,0.6141670505519696,not asian
ğŸ›°,0.6141670505519696,not asian
âœğŸ¼,0.6141670505519696,not asian
ğŸ¥,0.6141670505519696,not asian
ğŸ·,0.6141670505519696,not asian
ğŸ•”,0.6141670505519696,not asian
ğŸ§˜ğŸ¾â€â™€ï¸,0.6141670505519696,not asian
ğŸ‡»ğŸ‡³,0.6141670505519696,not asian
ğŸŠğŸ½â€â™‚ï¸,0.6141670505519696,not asian
ğŸš,0.6141670505519696,not asian
ğŸ‡¯ğŸ‡²,0.6141670505519696,not asian
ğŸ§£,0.6141670505519696,not asian
ğŸ‡¾ğŸ‡ª,0.6141670505519696,not asian
ğŸ™…ğŸ½,0.6141670505519696,not asian
ğŸ’†â€â™‚ï¸,0.6141670505519696,not asian
ğŸ‘µğŸ½,0.6141670505519696,not asian
ğŸ‘¨ğŸ»â€ğŸ“,0.6141670505519696,not asian
ğŸ™…ğŸ¿â€â™‚ï¸,0.6141670505519696,not asian
ğŸš,0.6141670505519696,not asian
ğŸ™ğŸ¼â€â™€ï¸,0.6141670505519696,not asian
ğŸ‡µğŸ‡¾,0.6141670505519696,not asian
ğŸ‘·â€â™‚ï¸,0.6171686514849217,asian
ğŸ‘¨â€ğŸ”§,0.6183994351886268,not asian
ğŸ‡¨ğŸ‡·,0.6190489177247962,not asian
ğŸ‘ŠğŸ¿,0.6190489177247962,not asian
ğŸ,0.6190489177247962,not asian
ğŸ¬,0.6209549299906449,asian
â˜ğŸ½,0.6240208925425585,not asian
ğŸ‘ŠğŸ½,0.6240208925425585,not asian
ğŸ¦ˆ,0.6248704651965578,not asian
ğŸ›µ,0.6292444356481135,not asian
ğŸ—,0.6292444356481135,asian
ğŸ’¶,0.6292444356481135,not asian
ğŸ‘‡ğŸ»,0.6304189748054871,not asian
â˜¯,0.6357639267693724,not asian
ğŸ¤˜ğŸ¾,0.6357639267693724,not asian
â,0.6357639267693724,not asian
ğŸ’¼,0.6357892582895217,not asian
ğŸ’ ,0.6464317017215858,not asian
ğŸ¥‹,0.6476879611728901,not asian
ğŸ¥ˆ,0.6476879611728901,not asian
ğŸ‘‹ğŸ½,0.6476879611728903,not asian
ğŸ†™,0.6476879611728903,not asian
ğŸŒ¤,0.6480342837211757,not asian
ğŸ‡©ğŸ‡°,0.6529302457251872,not asian
ğŸ‘ŒğŸ¿,0.6529302457251872,not asian
â›¸,0.6529302457251873,not asian
ğŸ‘¶ğŸ½,0.6529302457251873,not asian
ğŸ™…ğŸ¾â€â™‚ï¸,0.6529302457251873,not asian
ğŸƒ,0.6529302457251873,not asian
ğŸ“’,0.6529302457251873,not asian
ğŸ–‹,0.6529302457251873,not asian
ğŸ‰,0.6531659513631433,asian
ğŸ–•ğŸ¼,0.6532646449902086,not asian
ğŸ–Š,0.658770504371864,asian
ğŸ›¸,0.658770504371864,not asian
ğŸ’ğŸ½,0.658770504371864,not asian
ğŸ‘˜,0.658770504371864,asian
ğŸ’ğŸ»â€â™‚ï¸,0.658770504371864,asian
ğŸš•,0.658770504371864,not asian
ğŸ,0.658770504371864,not asian
ğŸ‘,0.6614310554656364,not asian
ğŸ‘‡ğŸ¾,0.6614310554656364,not asian
ğŸ¥ª,0.6630234102368087,asian
ğŸ,0.663298986131902,not asian
ğŸ›,0.6663030245024943,asian
ğŸ”,0.6699568854699328,not asian
â›´,0.6705600597100896,not asian
ğŸ™†ğŸ¼â€â™€ï¸,0.6705600597100896,not asian
ğŸ›‘,0.6705600597100896,not asian
ğŸ“¡,0.6705600597100896,not asian
ğŸ”Ÿ,0.6705600597100896,not asian
ğŸ‘ğŸ¿,0.6705600597100896,not asian
ğŸ,0.671857305098619,not asian
ğŸ¤·ğŸ¿â€â™€ï¸,0.671857305098619,not asian
ğŸ¦‚,0.671857305098619,not asian
â™ ,0.671857305098619,not asian
ğŸ¢,0.6726958235692855,asian
âœ,0.6763790300085424,not asian
ğŸ‡ªğŸ‡¸,0.6821074044613654,not asian
ğŸ™ŒğŸ¿,0.6823522919397025,not asian
ğŸ’³,0.6841168948366425,not asian
ğŸ¨,0.685129143022462,asian
ğŸ‘ğŸ¾,0.6860437575962192,not asian
ğŸ“…,0.6886658828232208,not asian
â“‚,0.6886658828232208,not asian
ğŸ†”,0.6886658828232208,not asian
ğŸ™‹ğŸ½â€â™‚ï¸,0.6903146966301557,not asian
ğŸ—,0.6903146966301557,asian
ğŸ§€,0.6905487494615972,asian
ğŸ´ó §ó ¢ó ·ó ¬ó ³ó ¿,0.6942304637620147,not asian
ğŸ™…ğŸ½â€â™‚ï¸,0.6964846079552058,not asian
ğŸ”½,0.6964846079552058,not asian
ğŸ”Œ,0.6964846079552058,not asian
â›³,0.6969145738371471,not asian
ğŸ”ª,0.699073764359124,not asian
ğŸ¤¦â€â™‚ï¸,0.7015310535951769,not asian
ğŸ,0.7034070123197227,not asian
ğŸ¤´,0.7065379608786049,asian
â›ª,0.7065379608786049,not asian
ğŸ™…ğŸ¼â€â™€ï¸,0.707260567026782,not asian
ğŸ¤¸ğŸ¾â€â™€ï¸,0.707260567026782,not asian
ğŸŒ‚,0.707260567026782,not asian
ğŸš,0.707260567026782,not asian
ğŸ—¨,0.707260567026782,not asian
ğŸ–,0.707260567026782,not asian
ğŸ—’,0.707260567026782,not asian
ğŸ‡²ğŸ‡¦,0.707260567026782,not asian
ğŸ¦•,0.707260567026782,not asian
ğŸš§,0.707260567026782,not asian
ğŸ“‰,0.707260567026782,not asian
ğŸ‡µğŸ‡±,0.707260567026782,not asian
ğŸ‘©â€â¤ï¸â€ğŸ’‹â€ğŸ‘©,0.707260567026782,not asian
ğŸ…,0.7084922925415137,asian
ğŸ•ºğŸ½,0.7089531432367349,not asian
ğŸ”º,0.7089531432367351,not asian
ğŸ¢,0.7094203682416,asian
â˜,0.7103236047490273,not asian
ğŸ¤¦ğŸ»â€â™€ï¸,0.7114724743450422,not asian
â˜˜,0.7127378545753772,not asian
ğŸ‘©â€â¤ï¸â€ğŸ’‹â€ğŸ‘¨,0.7143866818599365,not asian
â˜ğŸ¿,0.7143866818599365,not asian
ğŸ§šğŸ»â€â™‚ï¸,0.7143866818599365,not asian
ğŸš´ğŸ»â€â™€ï¸,0.7143866818599365,not asian
ğŸš¶ğŸ¼â€â™€ï¸,0.7143866818599365,not asian
ğŸš,0.7143866818599365,not asian
ğŸ¤¾ğŸ¾â€â™€ï¸,0.7143866818599365,not asian
ğŸ§¤,0.7143866818599365,asian
ğŸ‘±â€â™€ï¸,0.7143866818599365,asian
ğŸ’†ğŸ½â€â™‚ï¸,0.7143866818599365,not asian
ğŸš†,0.7143866818599365,not asian
ğŸ‘·,0.7143866818599365,not asian
ğŸ‡®ğŸ‡·,0.7143866818599365,not asian
â˜¦,0.7143866818599365,not asian
ğŸ†–,0.7143866818599365,not asian
ğŸ™‡ğŸ¼â€â™‚ï¸,0.7143866818599365,not asian
ğŸ,0.7143866818599365,not asian
ğŸ‘¨â€â¤ï¸â€ğŸ‘¨,0.7143866818599365,not asian
ğŸ”¬,0.7143866818599365,not asian
ğŸ²,0.717843068567444,asian
ğŸŒƒ,0.7183833533443378,asian
âœ,0.718869922246534,not asian
ğŸ«,0.7191043361755542,asian
â›°,0.721514366102733,not asian
ğŸ,0.7235916101798725,not asian
âœğŸ¾,0.7241027309130266,not asian
ğŸ—º,0.7241027309130266,not asian
ğŸš«,0.7246308965575405,not asian
ğŸš¿,0.7251615179904944,asian
ğŸ‘¸ğŸ½,0.7263573112675767,not asian
ğŸ¤°ğŸ½,0.7263573112675767,not asian
â™‹,0.7263573112675767,not asian
ğŸ™…ğŸ¾â€â™€ï¸,0.7263573112675767,not asian
âœ‹ğŸ¾,0.7263573112675767,not asian
ğŸ‘°ğŸ»,0.7263573112675767,not asian
ğŸŒ‘,0.7341592274177251,not asian
ğŸ‡ªğŸ‡º,0.7341592274177251,not asian
ğŸ™†ğŸ»â€â™‚ï¸,0.7341592274177252,not asian
ğŸ’ªğŸ»,0.735245425945767,not asian
ğŸ‘,0.7353293808845706,asian
ğŸ“¦,0.7381701002629864,not asian
ğŸŒ,0.7458783395460418,asian
ğŸ™†ğŸ½â€â™€ï¸,0.745969670844812,not asian
ğŸ–•ğŸ¿,0.745969670844812,not asian
ğŸ•ºğŸ¿,0.745969670844812,not asian
ğŸ”ƒ,0.745969670844812,not asian
ğŸ‘¥,0.745969670844812,not asian
ğŸ‘´ğŸ»,0.745969670844812,not asian
ğŸš½,0.745969670844812,not asian
7ï¸âƒ£,0.745969670844812,not asian
â™Š,0.745969670844812,not asian
ğŸ™‡ğŸ¼â€â™€ï¸,0.745969670844812,not asian
ğŸŒ«,0.745969670844812,not asian
ğŸ¦ƒ,0.745969670844812,not asian
ğŸ’º,0.745969670844812,not asian
ğŸ¤¸,0.7468776721281569,not asian
ğŸ–,0.747173280281703,not asian
ğŸ˜,0.7480286554702937,not asian
ğŸ˜·,0.748670282484408,not asian
ğŸŒ¥,0.7488917534686115,not asian
ğŸ”¨,0.7507829066139842,not asian
ğŸšŒ,0.7509812287514618,not asian
âš¡,0.7529248334514308,not asian
ğŸ™,0.7551836769670508,asian
ğŸ§šâ€â™€ï¸,0.7573012574402067,asian
ğŸ¤°,0.7586543460419534,asian
ğŸ‘¸ğŸ»,0.7596585359690803,not asian
ğŸ’†ğŸ¾â€â™€ï¸,0.7596585359690803,not asian
ğŸ“¼,0.7604002104174779,not asian
âª,0.7604002104174779,not asian
ğŸ™,0.7604002104174779,not asian
ğŸ‘ğŸ½,0.7604002104174779,not asian
ğŸ„â€â™€ï¸,0.7604002104174779,asian
ğŸ“›,0.7604002104174779,asian
ğŸ¤·ğŸ¾,0.7604002104174779,not asian
ğŸ‘¤,0.7604002104174779,not asian
ğŸ¤µğŸ»,0.7604002104174779,not asian
ğŸ’‰,0.761019838194394,not asian
ğŸš¢,0.7615472344020254,not asian
ğŸ’¤,0.7639655260975234,asian
ğŸ,0.7642562568503969,not asian
ğŸ§›â€â™‚ï¸,0.7646007451146023,asian
ğŸš´â€â™€ï¸,0.7661115670307981,not asian
ğŸ‘¼ğŸ½,0.7661115670307981,not asian
ğŸ‘,0.7661115670307981,not asian
ğŸ—,0.7661115670307981,not asian
ğŸš¶ğŸ½â€â™‚ï¸,0.7661115670307981,not asian
ğŸ¥º,0.7661115670307981,not asian
ğŸ“¿,0.7661115670307981,not asian
ğŸ‡·ğŸ‡¸,0.7661115670307981,not asian
ğŸ†,0.7675524740045376,not asian
ğŸ”œ,0.7703366539665426,not asian
ğŸ‡±ğŸ‡»,0.77248942806119,not asian
âœŠğŸ¿,0.77248942806119,not asian
â–«,0.7743312221079766,asian
ğŸ‡ºğŸ‡¾,0.7800770245099926,not asian
ğŸ‡³ğŸ‡¬,0.7800770245099926,not asian
ğŸ—¼,0.7801196594028809,not asian
ğŸ‘ğŸ¿,0.7853565966895761,not asian
5ï¸âƒ£,0.7867972969513797,not asian
ğŸ§”ğŸ»,0.7867972969513798,not asian
ğŸ’ğŸ¾â€â™‚ï¸,0.7867972969513798,not asian
ğŸƒğŸ½,0.7867972969513798,not asian
âœğŸ½,0.7867972969513798,not asian
ğŸ§šğŸ½â€â™€ï¸,0.7867972969513798,not asian
ğŸ›,0.7867972969513798,not asian
âœ’,0.7867972969513798,not asian
ğŸ–ğŸ½,0.7867972969513798,not asian
ğŸ¤ŸğŸ¿,0.7867972969513798,not asian
ğŸ§šğŸ»â€â™€ï¸,0.7867972969513798,not asian
ğŸ”¦,0.7867972969513798,not asian
ğŸ§šâ€â™‚ï¸,0.7867972969513798,not asian
ğŸŠâ€â™€ï¸,0.7867972969513798,not asian
ğŸ‚,0.7887305360923635,asian
ğŸ¤²ğŸ¼,0.7916286243552689,not asian
ğŸ¤œ,0.7927468540133161,not asian
ğŸ™‹ğŸ»,0.792844125388674,asian
ğŸ¦,0.794281614063265,asian
ğŸ¤šğŸ¼,0.7982447748597293,not asian
ğŸ‘†ğŸ¼,0.7982447748597293,not asian
ğŸ¥‰,0.7994418337216628,not asian
ğŸ’²,0.7994418337216629,not asian
ğŸ‡³ğŸ‡±,0.7995226427959516,not asian
ğŸ“—,0.7995226427959516,not asian
ğŸ‘¨ğŸ»â€ğŸ’»,0.7995226427959516,asian
ğŸ¤¾ğŸ»â€â™€ï¸,0.7995226427959516,not asian
ğŸ”®,0.7996956098905252,not asian
ğŸ‘§,0.7996956098905252,not asian
ğŸŒµ,0.7996956098905252,not asian
ğŸ•µï¸â€â™€ï¸,0.8013692212925936,asian
ğŸš¤,0.8013692212925936,not asian
ğŸŒ–,0.8013692212925936,asian
ğŸš´ğŸ»â€â™‚ï¸,0.8013692212925936,not asian
ğŸ¤˜ğŸ¿,0.8013692212925936,not asian
ğŸ”­,0.8013692212925936,not asian
ğŸ‘ƒğŸ»,0.8013692212925936,not asian
ğŸ¦“,0.8013692212925936,not asian
ğŸ™†ğŸ½â€â™‚ï¸,0.8013692212925936,not asian
ğŸ‰,0.8013692212925936,asian
ğŸ‘±,0.8013692212925936,asian
ğŸ¤›ğŸ»,0.8013692212925936,not asian
ğŸ”,0.8013692212925936,not asian
ğŸ‘¨â€ğŸ‘©â€ğŸ‘§,0.8013692212925936,not asian
ğŸ¤¶,0.8013692212925936,asian
ğŸ„,0.8013692212925936,not asian
ğŸ‘©â€ğŸ‘§,0.8013692212925936,asian
ğŸ‘´ğŸ¼,0.8013692212925936,not asian
â™,0.8013692212925936,not asian
ğŸ’…ğŸ¿,0.8013692212925936,not asian
ğŸŒ¯,0.8013692212925936,asian
âœ,0.8038748452553779,not asian
â˜„,0.80479106479304,not asian
ğŸ“©,0.8070067849515539,not asian
ğŸ‘²,0.8074592835821334,asian
ğŸ‡¹ğŸ‡·,0.807542861990131,not asian
ğŸ…¾,0.8080415437331051,not asian
ğŸ¤°ğŸ¾,0.8080415437331052,not asian
ğŸ”±,0.8080415437331052,not asian
ğŸ‘¨ğŸ»â€ğŸ³,0.8080415437331052,not asian
ğŸ—¯,0.8080415437331052,not asian
ğŸ‘¸ğŸ¼,0.8080415437331052,not asian
ğŸ‘¨â€ğŸ‘©â€ğŸ‘§â€ğŸ‘¦,0.8080415437331052,not asian
ğŸ––ğŸ¾,0.8080415437331052,not asian
ğŸŒï¸â€â™‚ï¸,0.8080415437331052,not asian
ğŸš£,0.8080415437331052,not asian
ğŸŒ‰,0.8080415437331052,not asian
ğŸ‘©â€ğŸ“,0.8080415437331052,not asian
ğŸ‘ŠğŸ»,0.8092712660324374,not asian
âš ,0.8106710265524166,asian
ğŸƒğŸ»â€â™‚ï¸,0.8108469776612709,not asian
ğŸ’†ğŸ¼â€â™€ï¸,0.8111370013031195,not asian
ğŸ™‹ğŸ¼â€â™€ï¸,0.815325686098497,not asian
ğŸ‘†ğŸ»,0.8177707993943815,not asian
ğŸ’ƒ,0.8178434645610244,not asian
0ï¸âƒ£,0.8185895726354822,not asian
ğŸ±,0.8227117740380712,asian
ğŸ¹,0.8238644549989615,not asian
ğŸ”‚,0.8240144113625271,not asian
ğŸ“¬,0.8240144113625271,not asian
â›,0.826199160265155,not asian
ğŸ¿,0.8279730295843163,not asian
â›ˆ,0.828056805719372,not asian
ğŸ†,0.828056805719372,not asian
ğŸ§â€â™€ï¸,0.8298593869243381,not asian
ğŸ‹ğŸ»â€â™‚ï¸,0.8298593869243381,not asian
âš™,0.8298593869243381,not asian
ğŸ‡¬ğŸ‡¹,0.8298593869243381,not asian
ğŸ¤™ğŸ¿,0.8298593869243381,not asian
ğŸ‘¯â€â™‚ï¸,0.8298593869243381,not asian
ğŸ¤ğŸ¿,0.8298593869243381,not asian
â›“,0.8298593869243381,not asian
ğŸŒ,0.8298593869243381,not asian
ğŸ“,0.8298593869243381,not asian
ğŸ›¥,0.8298593869243381,not asian
ğŸ¦,0.8316452264985987,not asian
ğŸ‘©â€ğŸŒ¾,0.8346544808190843,not asian
ğŸ±,0.8368559904901798,not asian
ğŸ‡®ğŸ‡¸,0.8368559904901798,not asian
ğŸ¤¸ğŸ½â€â™€ï¸,0.8368559904901798,not asian
ğŸ–•ğŸ½,0.8370038278333224,not asian
ğŸ™‹ğŸ¾â€â™‚ï¸,0.8374384759422149,not asian
ğŸƒğŸ¼â€â™€ï¸,0.8374384759422151,not asian
ğŸ¤ğŸ¼,0.837714669809035,not asian
ğŸ‡µğŸ‡·,0.8382280856568161,not asian
ğŸ’…ğŸ½,0.8382280856568161,not asian
ğŸ’ƒğŸ»,0.8383632257340091,not asian
ğŸ˜»,0.840259886919838,not asian
ğŸ•,0.840897780615444,asian
ğŸ”§,0.8418487608282126,not asian
âŒ›,0.8418487608282126,asian
ğŸŒ—,0.8418487608282126,not asian
ğŸŒ,0.8418487608282126,not asian
ğŸŒ’,0.8418487608282126,asian
ğŸ¥‡,0.8441052502443924,not asian
ğŸ‘‚,0.8457228824460491,asian
ğŸ¤¦ğŸ½,0.8467230610241908,not asian
ğŸ¤­,0.8467919830951887,not asian
ğŸƒ,0.8472311014784957,not asian
ğŸ¤˜ğŸ»,0.849153805092321,not asian
ğŸ› ,0.849638280733184,not asian
ğŸ™†ğŸ¾â€â™‚ï¸,0.849638280733184,not asian
ğŸ“,0.849638280733184,not asian
ğŸ‘†ğŸ¿,0.849638280733184,not asian
ğŸ’ğŸ¼â€â™€ï¸,0.8499235780246425,not asian
ğŸ›©,0.8516517219790376,asian
ğŸ–ğŸ»,0.8516517219790376,asian
ğŸ”ˆ,0.8522663131977077,not asian
ğŸ¥µ,0.8522663131977078,not asian
ğŸ‡¹ğŸ‡³,0.8522663131977078,not asian
ğŸ‘‚ğŸ¾,0.8522663131977078,not asian
ğŸ•µğŸ»â€â™€ï¸,0.8522663131977078,not asian
ğŸ™‹ğŸ½,0.8522663131977078,not asian
ğŸ¥´,0.8522663131977078,not asian
ğŸ‡´ğŸ‡²,0.8522663131977078,not asian
ğŸ·,0.8553218993004501,not asian
ğŸ¤š,0.8554110441699738,not asian
ğŸš¶ğŸ¾â€â™‚ï¸,0.8558984788733501,not asian
ğŸ¤,0.8575216522739708,not asian
ğŸŒ¬,0.8599594717478811,not asian
ğŸ‡¸ğŸ‡ª,0.8603306950877128,not asian
ğŸ›¬,0.8623350272404516,not asian
ğŸ•ºğŸ¾,0.8623350272404516,not asian
ğŸ™‹ğŸ¼â€â™‚ï¸,0.8623350272404516,not asian
ğŸ¤¦ğŸ¼,0.8623350272404516,not asian
ğŸ•Œ,0.8623350272404516,not asian
ğŸ¤°ğŸ»,0.8623350272404516,not asian
â³,0.8628389700612936,not asian
ğŸŒœ,0.8632843499656049,not asian
ğŸ¥,0.8632843499656049,asian
ğŸ¥–,0.8649520657565448,not asian
ğŸ”»,0.8649520657565448,not asian
ğŸ‘¼ğŸ¼,0.8655180091970773,not asian
ğŸƒğŸ»,0.8674902566612022,not asian
ğŸ’ƒğŸ¼,0.8679687143151951,not asian
ğŸ“,0.8686708045818917,not asian
ğŸ‘‰ğŸ¼,0.8709058156999608,not asian
ğŸ§,0.8715742880019943,not asian
â˜ ,0.8720384917658184,not asian
ğŸŒ©,0.8738705536997379,not asian
ğŸ¡,0.8738705536997379,not asian
ğŸ™‡ğŸ»,0.8738705536997379,not asian
ğŸ›€,0.8745835349737693,asian
ğŸ‡¶ğŸ‡¦,0.8749167469934449,not asian
ğŸ®,0.8749167469934449,not asian
ğŸ‘,0.8749167469934449,not asian
â˜£,0.8752782273414882,not asian
ğŸ¤¾ğŸ½â€â™‚ï¸,0.8752782273414882,not asian
ğŸ––ğŸ¼,0.8752782273414882,not asian
ğŸ‡²ğŸ‡¨,0.8752782273414882,not asian
ğŸ‡µğŸ‡¦,0.8752782273414882,not asian
ğŸ¤²ğŸ¾,0.8752782273414882,not asian
ğŸ„ğŸ»â€â™‚ï¸,0.8752782273414882,not asian
ğŸ‘§ğŸ½,0.8752782273414882,not asian
ğŸ‡ğŸ¼,0.8752782273414882,not asian
ğŸ‡µğŸ‡«,0.8752782273414882,not asian
ğŸš¶ğŸ¾â€â™€ï¸,0.8752782273414882,not asian
â—½,0.8752782273414882,not asian
ğŸ’‡ğŸ¼â€â™€ï¸,0.8752782273414882,not asian
ğŸ™‡â€â™‚ï¸,0.8757041770385694,asian
ğŸšŠ,0.8778349675350774,not asian
ğŸŠğŸ»â€â™‚ï¸,0.8778349675350774,not asian
ğŸ“ƒ,0.8778349675350774,not asian
ğŸ‘¸ğŸ¾,0.8778349675350774,not asian
ğŸ‘ğŸ¼,0.8778349675350774,not asian
ğŸ•™,0.8778349675350774,not asian
â†–,0.8778349675350774,asian
ğŸŒ˜,0.8778349675350774,not asian
ğŸ”–,0.8778349675350774,not asian
ğŸ‹ï¸â€â™€ï¸,0.8778349675350774,asian
ğŸ•µ,0.8778349675350774,asian
ğŸ•›,0.8778349675350774,not asian
ğŸ‘©ğŸ»â€ğŸ“,0.8778349675350774,not asian
ğŸ‘¨â€ğŸš’,0.8778349675350774,asian
ğŸ³,0.8778349675350774,asian
ğŸ§˜ğŸ»â€â™€ï¸,0.8778349675350774,not asian
ğŸ‘,0.8778349675350774,not asian
ğŸ¥¨,0.8778349675350774,asian
ğŸƒ,0.8778349675350774,not asian
ğŸ¤³ğŸ»,0.8778349675350774,not asian
ğŸ„â€â™‚ï¸,0.8778349675350774,not asian
ğŸ,0.8778349675350774,not asian
ğŸ­,0.8778349675350774,not asian
ğŸ“¶,0.8778349675350774,not asian
ğŸ½,0.8778349675350774,not asian
ğŸ¥¢,0.8778349675350774,asian
â”,0.8813646245052055,not asian
ğŸ…,0.881456939713356,not asian
ğŸ‹,0.8819344863605647,not asian
ğŸ“£,0.8820783206961365,not asian
ğŸ¤·â€â™€ï¸,0.8843228233823502,asian
ğŸ’¢,0.8847072405861155,asian
ğŸ‘ğŸ¾,0.8857861642325916,asian
ğŸŒ¡,0.8864870788762361,asian
ğŸ‘ğŸ»,0.8871505808393724,not asian
ğŸ,0.8872387637945218,not asian
ğŸƒ,0.8872656284132207,asian
ğŸ‡¸ğŸ‡³,0.8873501948048961,not asian
ğŸ–,0.8873501948048961,not asian
ğŸ™€,0.8876497084930087,not asian
ğŸˆ,0.8878384968937348,not asian
ğŸ“Ÿ,0.8878384968937348,not asian
ğŸšœ,0.8878384968937348,not asian
ğŸ—,0.8878384968937348,asian
ğŸš,0.8878384968937348,not asian
ğŸ‘¶ğŸ¼,0.8878384968937348,not asian
ğŸ“,0.8878384968937348,asian
ğŸ™…ğŸ»â€â™‚ï¸,0.8878384968937348,not asian
ğŸ§™â€â™€ï¸,0.8878384968937348,asian
ğŸšº,0.8878384968937348,not asian
ğŸ™ƒ,0.888747654817855,not asian
ğŸ¬,0.8891272766927742,not asian
ğŸ–,0.8907909197967627,not asian
ğŸ©,0.8910537589912861,not asian
âšœ,0.891245998466614,not asian
ğŸŒ¨,0.891245998466614,not asian
ğŸ¥¦,0.8930191466105695,not asian
ğŸ©,0.8951170631961421,not asian
ğŸ–•ğŸ¾,0.8961013411758043,not asian
ğŸš“,0.8966288649556635,not asian
ğŸ‰‘,0.8989114635477109,not asian
ğŸ§’ğŸ»,0.8989114635477109,not asian
ğŸ‡¸ğŸ‡°,0.8989114635477109,not asian
ğŸ‡®ğŸ‡¶,0.8989114635477109,not asian
ğŸ‘±ğŸ»â€â™€ï¸,0.8989114635477109,not asian
ğŸƒğŸ¾â€â™‚ï¸,0.8989114635477109,not asian
ğŸ…ğŸ»,0.8989114635477109,not asian
ğŸ‡¨ğŸ‡¿,0.8989114635477109,not asian
ğŸ¤°ğŸ¼,0.8989114635477109,not asian
ğŸ‘®ğŸ»â€â™€ï¸,0.8989114635477109,not asian
ğŸ‡±ğŸ‡·,0.8989114635477109,not asian
ğŸ“ ,0.898911463547711,not asian
ğŸ’ğŸ½â€â™‚ï¸,0.8995976907337575,not asian
ğŸ™…ğŸ»,0.8995976907337575,not asian
ğŸ‘¢,0.8995976907337575,not asian
â›”,0.8995976907337575,not asian
ğŸ”,0.9003570149891534,not asian
ğŸ•¯,0.9014212996911917,not asian
ğŸ˜¾,0.9077848008931086,not asian
ğŸ™‹ğŸ»â€â™‚ï¸,0.9077848008931086,not asian
ğŸš¶â€â™€ï¸,0.9079056747244755,not asian
ğŸ‘¨ğŸ»,0.9079056747244756,not asian
ğŸ•¸,0.9079056747244756,not asian
ğŸ ,0.9115950724796056,not asian
ğŸ’ˆ,0.9116162559553362,not asian
ğŸ‡ºğŸ‡²,0.9116162559553362,not asian
ğŸ’ğŸ¼,0.9116162559553362,not asian
âš’,0.9116162559553362,not asian
âœ³,0.9116162559553362,not asian
ğŸ¦,0.9116162559553362,not asian
ğŸ‘ˆğŸ¼,0.9139924916364355,asian
ğŸš‚,0.9142242121147724,not asian
â„¢,0.9147635129753783,asian
ğŸ²,0.9154461137824781,not asian
ğŸŒª,0.9157160350578324,not asian
ğŸŒ²,0.9159198609757352,not asian
ğŸ’ƒğŸ¿,0.9159268153523242,not asian
ğŸ‡,0.9196244593321484,asian
ğŸ¦†,0.9200315369831803,not asian
â˜”,0.9201471944535918,not asian
ğŸŒ§,0.9205861519028726,not asian
ğŸ¥š,0.9210435360157389,not asian
â›„,0.9210970480315314,not asian
ğŸ‘‹ğŸ¾,0.922293312724034,not asian
ğŸ,0.9231827970050202,not asian
ğŸ¤³ğŸ¼,0.9231827970050202,not asian
ğŸ“¯,0.9231827970050202,not asian
ğŸ™ğŸ½â€â™€ï¸,0.9231827970050202,not asian
ğŸ„ğŸ»â€â™€ï¸,0.9231827970050202,not asian
ğŸ‘¨ğŸ½â€âš•ï¸,0.9231827970050202,not asian
ğŸš¶ğŸ¿â€â™‚ï¸,0.9231827970050202,not asian
ğŸ‘ƒğŸ½,0.9231827970050202,not asian
ğŸ‘©ğŸ¼â€ğŸ³,0.9231827970050202,not asian
ğŸ‘´ğŸ½,0.9231827970050202,not asian
ğŸ‡§ğŸ‡­,0.9231827970050202,not asian
ğŸ§›ğŸ¾â€â™‚ï¸,0.9231827970050202,not asian
ğŸ„ğŸ»,0.9231827970050202,not asian
â˜¢,0.9231827970050202,not asian
ğŸ‡±ğŸ‡¾,0.9231827970050202,not asian
ğŸŒğŸ½â€â™‚ï¸,0.9231827970050202,not asian
â™ˆ,0.9231827970050202,not asian
ğŸ‡­ğŸ‡¹,0.9231827970050202,not asian
â›²,0.9231827970050202,not asian
ğŸ´ó §ó ¢ó ³ó £ó ´ó ¿,0.9233564762723852,not asian
ğŸš›,0.9233564762723852,not asian
ğŸ§”,0.9233564762723852,not asian
â—¾,0.9233564762723852,not asian
ğŸŒ¶,0.9233595346324674,not asian
ğŸ©,0.9235054094395803,not asian
â—¼,0.9237191908036544,not asian
ğŸ‡µğŸ‡°,0.9237191908036544,not asian
ğŸ¥“,0.9239164641424936,asian
ğŸŒ,0.9245174462508794,not asian
ğŸ,0.9245962724733867,asian
âš–,0.9259002288426555,not asian
ğŸ—¡,0.9259700938502923,not asian
ğŸ¥,0.9270571998493057,not asian
ğŸƒâ€â™‚ï¸,0.93018472487275,not asian
ğŸ‡¦ğŸ‡ª,0.9312646002843002,not asian
ğŸ¥°,0.9343140106440733,not asian
ğŸŠğŸ»â€â™€ï¸,0.9347609651440913,not asian
ğŸ¦—,0.9347609651440913,not asian
â¬œ,0.9347609651440913,not asian
ğŸ£,0.93520621771255,asian
ğŸ¯,0.9357051012946296,not asian
ğŸ¥,0.9362958721236293,asian
ğŸ©,0.9367907933170657,asian
ğŸ‡ªğŸ‡¨,0.9380576240805611,not asian
â™£,0.9380576240805611,not asian
âœ‹ğŸ½,0.9380576240805611,not asian
ğŸ‘œ,0.9380576240805611,asian
ğŸ‡¦ğŸ‡¹,0.9380576240805611,not asian
â™,0.9380576240805611,asian
ğŸ§˜â€â™€ï¸,0.9380576240805611,asian
ğŸ“”,0.9380576240805611,not asian
ğŸ‹ï¸â€â™‚ï¸,0.9380576240805611,asian
ğŸ“˜,0.9380576240805611,not asian
ğŸ•,0.9380576240805611,asian
ğŸ¤™ğŸ¾,0.9385699857267115,not asian
ğŸ¾,0.9388114524359351,not asian
ğŸ’£,0.9393936464630513,not asian
ğŸ‘¬,0.9403791506710989,not asian
â˜ğŸ¼,0.9419705027997096,not asian
ğŸ’ƒğŸ¾,0.9419758601533995,not asian
ğŸ”‹,0.9424006064603708,not asian
ğŸ”,0.942605337035201,not asian
ğŸº,0.9428111762056416,not asian
ğŸ¤’,0.943052712372351,not asian
ğŸ“»,0.9451906335377569,not asian
ğŸ‡®ğŸ‡ª,0.9455376071367104,not asian
â„,0.9456891837504977,not asian
ğŸ”’,0.9457020998040503,not asian
ğŸ‡©ğŸ‡¿,0.9457622135787978,not asian
ğŸš¹,0.945803288427299,not asian
ğŸš´â€â™‚ï¸,0.945803288427299,not asian
8ï¸âƒ£,0.945803288427299,not asian
ğŸ––ğŸ»,0.945803288427299,not asian
ğŸ¤·ğŸ¼,0.945803288427299,not asian
ğŸ‡°ğŸ‡ª,0.945803288427299,not asian
ğŸ–ğŸ¼,0.945803288427299,not asian
ğŸ•³,0.945803288427299,not asian
ğŸŠâ€â™‚ï¸,0.945803288427299,asian
ğŸ¥˜,0.945803288427299,asian
ğŸ’‡,0.945803288427299,asian
ğŸ¥£,0.945803288427299,asian
ğŸ‡¨ğŸ‡º,0.945803288427299,not asian
ğŸš¦,0.945803288427299,asian
ğŸ§â€â™‚ï¸,0.945803288427299,not asian
ğŸ–Œ,0.945803288427299,not asian
ğŸ‡®ğŸ‡©,0.945803288427299,not asian
ğŸ¤¥,0.9458669649424474,not asian
ğŸ™‹ğŸ¾â€â™€ï¸,0.9475083082812705,not asian
ğŸ‘ğŸ¾,0.9475083082812705,not asian
ğŸ‘¦ğŸ¿,0.9481094558044962,not asian
ğŸ•,0.9481094558044962,not asian
ğŸ‘¨ğŸ½,0.9481094558044962,not asian
âš•,0.9481094558044962,not asian
â¬›,0.9481094558044962,not asian
ğŸ¥Œ,0.9481094558044962,not asian
ğŸ‘ï¸â€ğŸ—¨ï¸,0.9481094558044962,not asian
ğŸº,0.9481094558044962,not asian
ğŸŠğŸ¾â€â™€ï¸,0.9481094558044962,not asian
ğŸ¤³ğŸ¾,0.9481094558044962,not asian
ğŸ§œğŸ½â€â™€ï¸,0.9481094558044962,not asian
ğŸ§œğŸ¼â€â™€ï¸,0.9481094558044962,not asian
ğŸ§›ğŸ»â€â™€ï¸,0.9481094558044962,not asian
ğŸ’†ğŸ¼â€â™‚ï¸,0.9481094558044962,not asian
ğŸ§™ğŸ»â€â™€ï¸,0.9481094558044962,not asian
ğŸ‡¦ğŸ‡¿,0.9481094558044962,not asian
ğŸ’¾,0.9481094558044962,not asian
ğŸ’†ğŸ¾â€â™‚ï¸,0.9481094558044962,not asian
ğŸ™ğŸ¾â€â™‚ï¸,0.9481094558044962,not asian
ğŸ™†ğŸ¼â€â™‚ï¸,0.9481094558044962,not asian
ğŸš´ğŸ¼â€â™€ï¸,0.9481094558044962,not asian
ğŸ¤¸ğŸ¿â€â™€ï¸,0.9481094558044962,not asian
ğŸ¦¶,0.9481094558044962,not asian
ğŸ‘®ğŸ½â€â™€ï¸,0.9481094558044962,not asian
ğŸ‘¨ğŸ¿,0.9481094558044962,not asian
ğŸ¥¬,0.9481094558044962,not asian
ğŸ‘†ğŸ¾,0.9481094558044962,not asian
â¿,0.9481094558044962,not asian
â—»,0.9481094558044962,not asian
ğŸ’†,0.9489652258595078,not asian
ğŸ•¹,0.9506214376708846,asian
ğŸ¦’,0.9508514452621988,not asian
ğŸ“,0.9509719152269016,asian
ğŸ›,0.9509719152269016,asian
ğŸ˜¦,0.951069268987636,not asian
ğŸ³,0.9511547880370478,not asian
ğŸ™‹,0.9514775784172539,not asian
ğŸ™…ğŸ»â€â™€ï¸,0.9518707730799891,asian
ğŸ•·,0.9523707956749969,not asian
ğŸ¦”,0.9524081196201979,not asian
ğŸŒ,0.9539045543120162,not asian
ğŸ™…â€â™‚ï¸,0.9545310908323716,not asian
ğŸ±,0.9545310908323716,not asian
ğŸµ,0.9545770222283996,not asian
ğŸŒ,0.9561195348655983,not asian
ğŸ‡­ğŸ‡º,0.9562794535797676,not asian
ğŸ‘©ğŸ¼,0.9562794535797676,not asian
â™‰,0.9562794535797676,not asian
ğŸš¼,0.9562794535797676,not asian
ğŸ”‡,0.9562794535797676,not asian
ğŸ‘¶ğŸ¾,0.9562794535797676,not asian
ğŸŠ,0.9579262152890902,not asian
ğŸ‡,0.9580016124676188,not asian
ğŸ‘™,0.9600527920486395,not asian
ğŸŠ,0.961396324674123,not asian
âœ‰,0.9619900289192002,not asian
ğŸš¶ğŸ»â€â™‚ï¸,0.9619900289192002,not asian
ãŠ™,0.9619900289192002,not asian
ğŸ…,0.9620961111486779,asian
ğŸ‘µ,0.964330135708316,not asian
ğŸ˜œ,0.9644245834256181,not asian
ğŸ¯,0.9645261973004424,not asian
ğŸ’,0.9645912524095314,not asian
ğŸš”,0.9646662777255615,not asian
ğŸ„,0.964941654112187,not asian
ğŸ‘,0.9651252545376833,not asian
â›½,0.9655165581263772,not asian
ğŸ,0.9657570628937768,not asian
ğŸ¤ ,0.9660964243168789,not asian
ğŸˆ²,0.9662138320213336,not asian
ğŸ¤¸ğŸ»â€â™‚ï¸,0.9662138320213336,not asian
ğŸƒğŸ½â€â™‚ï¸,0.9662138320213336,not asian
ğŸƒğŸ»â€â™€ï¸,0.96693235601499,not asian
ğŸ‘‡ğŸ¿,0.96693235601499,not asian
â›±,0.9678464915907122,not asian
â•,0.9692200389137565,not asian
â–ª,0.9695224914269541,not asian
ğŸš’,0.969796239572203,not asian
ğŸ‚,0.9698556214826181,not asian
ğŸ“,0.9700287917603809,not asian
ğŸ‘³,0.9702247343249014,not asian
ğŸƒğŸ¾â€â™€ï¸,0.9702247343249014,not asian
ğŸ•‘,0.9702247343249014,not asian
â™¿,0.9702799022345174,not asian
â•,0.9704573989943255,not asian
ğŸ€,0.9706167655515066,not asian
ğŸ‘Ÿ,0.9716528135585781,not asian
ğŸŒ´,0.9717588250584027,not asian
ğŸ¸,0.9718038183715978,not asian
ğŸ‘ƒ,0.9719964467541129,not asian
ğŸƒâ€â™€ï¸,0.9721137298537621,not asian
ğŸ¤¦â€â™€ï¸,0.9722106281380906,not asian
ğŸ’,0.9729064285534336,not asian
ğŸ—»,0.9736386563094945,not asian
ğŸ˜¥,0.9736731365685477,not asian
ğŸ,0.9740985210097807,not asian
ğŸ™‰,0.974914628904206,not asian
ğŸ‘‡ğŸ½,0.9749943733763388,not asian
ğŸ·,0.9751039216241012,not asian
â˜ğŸ»,0.9751587825331011,not asian
ğŸ§šğŸ¾â€â™‚ï¸,0.9754404438555407,not asian
ğŸ¤¹ğŸ»â€â™€ï¸,0.9754404438555407,not asian
ğŸš­,0.9754404438555407,not asian
ğŸ™†ğŸ¾â€â™€ï¸,0.9754591940883544,not asian
ğŸš©,0.9756277357262627,not asian
ğŸ’â€â™‚ï¸,0.9759882152819656,not asian
ğŸ¥‘,0.9767189234373505,not asian
ğŸŸ,0.9771262364671325,asian
ğŸ,0.977220063223395,not asian
ã€°,0.9775950641353479,asian
âœ‚,0.9779083153498122,not asian
ğŸ„,0.9791547937701277,not asian
ğŸ¹,0.9796502733877168,not asian
ğŸ“•,0.9797864460103233,not asian
ğŸ›,0.9797864460103233,not asian
ğŸ¤,0.9798838882050941,not asian
ğŸ’…ğŸ¼,0.9801529974999915,not asian
ğŸƒğŸ¿â€â™‚ï¸,0.9802689779067945,not asian
ğŸ˜›,0.9803438467541257,asian
ğŸƒğŸ½â€â™€ï¸,0.9803491459962818,not asian
ğŸ¤¸â€â™€ï¸,0.9806964613221156,not asian
ğŸŒ°,0.9811662969828912,not asian
â˜ƒ,0.9813973101081976,asian
ğŸš¶â€â™‚ï¸,0.9814169285139649,not asian
âš¾,0.9817312429991579,not asian
ğŸœ,0.9818680798295404,not asian
ğŸª,0.9819345985421734,not asian
ğŸ¤¸â€â™‚ï¸,0.9824414128229821,not asian
ğŸ»,0.9826570318757702,not asian
ğŸ°,0.982831343620363,not asian
ğŸ,0.9832600376873041,not asian
ğŸ¤²ğŸ½,0.9837938322195897,not asian
ğŸ™†ğŸ¿â€â™‚ï¸,0.9837938322195897,not asian
ğŸ‘‡ğŸ¼,0.9841381679550122,not asian
ğŸ‘©ğŸ»â€ğŸ³,0.9846273376123249,not asian
ğŸ‘±ğŸ»,0.9846273376123249,not asian
ğŸ¤¼â€â™‚ï¸,0.9846273376123249,not asian
ğŸ†˜,0.9853414552951194,not asian
ğŸ˜²,0.985745603274582,not asian
ğŸ§,0.9861600383792046,asian
ğŸ¹,0.9862465920870614,not asian
ğŸ‘¹,0.98710894206881,not asian
ğŸ”«,0.9875525886452312,not asian
ğŸ—‘,0.9875595548307252,not asian
ğŸ¥©,0.9879025547049276,not asian
â°,0.9890028255770053,not asian
ğŸº,0.989037307960188,not asian
ğŸ¤˜,0.9890527963321988,not asian
ğŸ«,0.9895160085909588,not asian
ğŸ˜,0.9896144776805341,not asian
ğŸ«,0.9898745822748783,not asian
ğŸ›«,0.9901174003314295,not asian
ğŸ‘¦,0.9905424792311079,not asian
ğŸš¶,0.9905622731143706,not asian
ğŸ¤¦ğŸ¼â€â™€ï¸,0.9908268709713002,not asian
ğŸ¥¥,0.9908330626476537,not asian
ğŸ˜™,0.9909029734509948,not asian
ğŸ‘¸,0.9909837494491028,not asian
ğŸ’†ğŸ»â€â™€ï¸,0.9909881341556368,not asian
ğŸ›,0.9910195464669902,not asian
ğŸ™†,0.9920494630278387,not asian
ğŸ‘ ,0.992581411127628,not asian
ğŸ”š,0.9932120981971992,not asian
ğŸŒ”,0.9932120981971992,not asian
ğŸ‘®ğŸ»,0.9932120981971992,not asian
â†™,0.9932120981971992,not asian
ğŸ¤´ğŸ¾,0.9932120981971992,not asian
6ï¸âƒ£,0.9932120981971992,not asian
ğŸ‘°ğŸ¼,0.9932120981971992,not asian
ğŸ‡°ğŸ‡¼,0.9932120981971992,not asian
â¸,0.9932120981971992,not asian
ğŸ¥„,0.9932120981971992,asian
ğŸ’‡â€â™€ï¸,0.9932120981971992,not asian
ğŸ“„,0.9932120981971992,asian
ğŸ“´,0.9932120981971992,not asian
ğŸ™‡ğŸ½â€â™‚ï¸,0.9932120981971992,not asian
â°,0.9933630814935203,not asian
ğŸ˜¡,0.993407652639979,not asian
ğŸŒ½,0.9934375586270836,not asian
ğŸ—,0.9941228479402338,not asian
ğŸ,0.9946904567627536,not asian
ğŸ„,0.9947021791833306,not asian
ğŸƒğŸ¿,0.9947091167803359,not asian
ğŸ¤¸ğŸ¾â€â™‚ï¸,0.9947091167803359,not asian
ğŸ’™,0.9947226952410549,not asian
ğŸ€,0.9947553319722402,not asian
â™¨,0.9948604127231916,not asian
ğŸ”˜,0.9950959999800836,not asian
ğŸ¸,0.9957033681358511,not asian
ğŸ‡©ğŸ‡´,0.9957907863662729,not asian
ğŸ‡ªğŸ‡¬,0.9958555643045236,not asian
ğŸ—½,0.9968772228271702,not asian
ğŸš™,0.9969565896592733,not asian
ğŸ¥”,0.9969602753710132,not asian
ğŸ‘,0.9974353201328612,not asian
ğŸ¤¤,0.9975056468899892,not asian
ğŸŒ®,0.9976431703566206,not asian
ğŸ¥³,0.9980279029495821,not asian
ğŸ§Ÿâ€â™‚ï¸,0.9982007447693578,not asian
ğŸ’´,0.9982249377722408,not asian
ğŸ‘´,0.9984926038816782,not asian
ğŸ¤,0.9986497134414738,not asian
ğŸ¥•,0.9987792814000925,not asian
ğŸ¤™ğŸ»,0.9988233312055703,not asian
ğŸ’¿,0.9988538211031212,not asian
ğŸ¤,0.9989819017696575,not asian
âœ‹,0.9993199450776729,not asian
ğŸ™‹â€â™€ï¸,0.999504609059527,asian
ğŸ—,0.9997926543360859,not asian
ğŸ…°,0.9999286148589621,not asian
